cycle,router_id,mod_valid[0],mod_valid[1],mod_valid[2],mod_valid[3],wave_valid[0],wave_valid[1],wave_valid[2],wave_valid[3],photodet_valid[0],photodet_valid[1],photodet_valid[2],photodet_valid[3],router_valid[0],router_valid[1],router_valid[2],router_valid[3],router_req,router_grant,router_ready_local
0,0,0,0,0,0,0,0,0,0,0,0,0,0,0,0,0,0,0000,0000,1
0,1,0,0,0,0,0,0,0,0,0,0,0,0,0,0,0,0,0000,0000,1
0,2,0,0,0,0,0,0,0,0,0,0,0,0,0,0,0,0,0000,0000,1
0,3,0,0,0,0,0,0,0,0,0,0,0,0,0,0,0,0,0000,0000,1
1,0,0,0,0,0,0,0,0,0,0,0,0,0,0,0,0,0,0000,0000,1
1,1,0,0,0,0,0,0,0,0,0,0,0,0,0,0,0,0,0000,0000,1
1,2,0,0,0,0,0,0,0,0,0,0,0,0,0,0,0,0,0000,0000,1
1,3,0,0,0,0,0,0,0,0,0,0,0,0,0,0,0,0,0000,0000,1
2,0,0,0,0,0,0,0,0,0,0,0,0,0,0,0,0,0,0000,0000,1
2,1,0,0,0,0,0,0,0,0,0,0,0,0,0,0,0,0,0000,0000,1
2,2,0,0,0,0,0,0,0,0,0,0,0,0,0,0,0,0,0000,0000,1
2,3,0,0,0,0,0,0,0,0,0,0,0,0,0,0,0,0,0000,0000,1
3,0,0,0,0,0,0,0,0,0,0,0,0,0,0,0,0,0,0000,0000,1
3,1,0,0,0,0,0,0,0,0,0,0,0,0,0,0,0,0,0000,0000,1
3,2,0,0,0,0,0,0,0,0,0,0,0,0,0,0,0,0,0000,0000,1
3,3,0,0,0,0,0,0,0,0,0,0,0,0,0,0,0,0,0000,0000,1
4,0,0,0,0,0,0,0,0,0,0,0,0,0,0,0,0,0,0000,0000,1
4,1,0,0,0,0,0,0,0,0,0,0,0,0,0,0,0,0,0000,0000,1
4,2,0,0,0,0,0,0,0,0,0,0,0,0,0,0,0,0,0000,0000,1
4,3,0,0,0,0,0,0,0,0,0,0,0,0,0,0,0,0,0000,0000,1
5,0,0,0,0,0,0,0,0,0,0,0,0,0,0,0,0,0,0000,0000,1
5,1,0,0,0,0,0,0,0,0,0,0,0,0,0,0,0,0,0000,0000,1
5,2,0,0,0,0,0,0,0,0,0,0,0,0,0,0,0,0,0000,0000,1
5,3,0,0,0,0,0,0,0,0,0,0,0,0,0,0,0,0,0000,0000,1
6,0,0,0,0,0,0,0,0,0,0,0,0,0,0,0,0,0,0000,0000,1
6,1,0,0,0,0,0,0,0,0,0,0,0,0,0,0,0,0,0000,0000,1
6,2,0,0,0,0,0,0,0,0,0,0,0,0,0,0,0,0,0000,0000,1
6,3,0,0,0,0,0,0,0,0,0,0,0,0,0,0,0,0,0000,0000,1
7,0,0,0,0,0,0,0,0,0,0,0,0,0,0,0,0,0,0000,0000,1
7,1,0,0,0,0,0,0,0,0,0,0,0,0,0,0,0,0,0000,0000,1
7,2,0,0,0,0,0,0,0,0,0,0,0,0,0,0,0,0,0000,0000,1
7,3,0,0,0,0,0,0,0,0,0,0,0,0,0,0,0,0,0000,0000,1
8,0,0,0,0,0,0,0,0,0,0,0,0,0,0,0,0,0,0000,0000,1
8,1,0,0,0,0,0,0,0,0,0,0,0,0,0,0,0,0,0000,0000,1
8,2,0,0,0,0,0,0,0,0,0,0,0,0,0,0,0,0,0000,0000,1
8,3,0,0,0,0,0,0,0,0,0,0,0,0,0,0,0,0,0000,0000,1
9,0,0,0,0,0,0,0,0,0,0,0,0,0,0,0,0,0,0000,0000,1
9,1,0,0,0,0,0,0,0,0,0,0,0,0,0,0,0,0,0000,0000,1
9,2,0,0,0,0,0,0,0,0,0,0,0,0,0,0,0,0,0000,0000,1
9,3,0,0,0,0,0,0,0,0,0,0,0,0,0,0,0,0,0000,0000,1
10,0,0,0,0,0,0,0,0,0,0,0,0,0,0,0,0,0,0000,0000,1
10,1,0,0,0,0,0,0,0,0,0,0,0,0,0,0,0,0,0000,0000,1
10,2,0,0,0,0,0,0,0,0,0,0,0,0,0,0,0,0,0000,0000,1
10,3,0,0,0,0,0,0,0,0,0,0,0,0,0,0,0,0,0000,0000,1
11,0,0,0,0,0,0,0,0,0,0,0,0,0,0,0,0,0,0000,0000,1
11,1,0,0,0,0,0,0,0,0,0,0,0,0,0,0,0,0,0000,0000,1
11,2,0,0,0,0,0,0,0,0,0,0,0,0,0,0,0,0,0000,0000,1
11,3,0,0,0,0,0,0,0,0,0,0,0,0,0,0,0,0,0000,0000,1
12,0,0,0,0,0,0,0,0,0,0,0,0,0,0,0,0,0,0000,0000,1
12,1,0,0,0,0,0,0,0,0,0,0,0,0,0,0,0,0,0000,0000,1
12,2,0,0,0,0,0,0,0,0,0,0,0,0,0,0,0,0,0000,0000,1
12,3,0,0,0,0,0,0,0,0,0,0,0,0,0,0,0,0,0000,0000,1
13,0,0,0,0,0,0,0,0,0,0,0,0,0,0,0,0,0,0000,0000,1
13,1,0,0,0,0,0,0,0,0,0,0,0,0,0,0,0,0,0000,0000,1
13,2,0,0,0,0,0,0,0,0,0,0,0,0,0,0,0,0,0000,0000,1
13,3,0,0,0,0,0,0,0,0,0,0,0,0,0,0,0,0,0000,0000,1
14,0,0,0,0,0,0,0,0,0,0,0,0,0,0,0,0,0,0000,0000,1
14,1,0,0,0,0,0,0,0,0,0,0,0,0,0,0,0,0,0000,0000,1
14,2,0,0,0,0,0,0,0,0,0,0,0,0,0,0,0,0,0000,0000,1
14,3,0,0,0,0,0,0,0,0,0,0,0,0,0,0,0,0,0000,0000,1
15,0,0,0,0,0,0,0,0,0,0,0,0,0,0,0,0,0,0000,0000,1
15,1,0,0,0,0,0,0,0,0,0,0,0,0,0,0,0,0,0000,0000,1
15,2,0,0,0,0,0,0,0,0,0,0,0,0,0,0,0,0,0000,0000,1
15,3,0,0,0,0,0,0,0,0,0,0,0,0,0,0,0,0,0000,0000,1
16,0,0,0,0,0,0,0,0,0,0,0,0,0,0,0,0,0,0000,0000,1
16,1,0,0,0,0,0,0,0,0,0,0,0,0,0,0,0,0,0000,0000,1
16,2,0,0,0,0,0,0,0,0,0,0,0,0,0,0,0,0,0000,0000,1
16,3,0,0,0,0,0,0,0,0,0,0,0,0,0,0,0,0,0000,0000,1
17,0,0,0,0,0,0,0,0,0,0,0,0,0,0,0,0,0,0000,0000,1
17,1,0,0,0,0,0,0,0,0,0,0,0,0,0,0,0,0,0000,0000,1
17,2,0,0,0,0,0,0,0,0,0,0,0,0,0,0,0,0,0000,0000,1
17,3,0,0,0,0,0,0,0,0,0,0,0,0,0,0,0,0,0000,0000,1
18,0,0,0,0,0,0,0,0,0,0,0,0,0,0,0,0,0,0000,0000,1
18,1,0,0,0,0,0,0,0,0,0,0,0,0,0,0,0,0,0000,0000,1
18,2,0,0,0,0,0,0,0,0,0,0,0,0,0,0,0,0,0000,0000,1
18,3,0,0,0,0,0,0,0,0,0,0,0,0,0,0,0,0,0000,0000,1
19,0,0,0,0,0,0,0,0,0,0,0,0,0,0,0,0,0,0000,0000,1
19,1,0,0,0,0,0,0,0,0,0,0,0,0,0,0,0,0,0000,0000,1
19,2,0,0,0,0,0,0,0,0,0,0,0,0,0,0,0,0,0000,0000,1
19,3,0,0,0,0,0,0,0,0,0,0,0,0,0,0,0,0,0000,0000,1
20,0,0,0,0,0,0,0,0,0,0,0,0,0,0,0,0,0,0000,0000,1
20,1,0,0,0,0,0,0,0,0,0,0,0,0,0,0,0,0,0000,0000,1
20,2,0,0,0,0,0,0,0,0,0,0,0,0,0,0,0,0,0000,0000,1
20,3,0,0,0,0,0,0,0,0,0,0,0,0,0,0,0,0,0000,0000,1
21,0,0,0,0,0,0,0,0,0,0,0,0,0,0,0,0,0,0010,0000,1
21,1,0,0,0,0,0,0,0,0,0,0,0,0,0,0,0,0,0000,0000,1
21,2,0,0,0,0,0,0,0,0,0,0,0,0,0,0,0,0,0000,0000,1
21,3,0,0,0,0,0,0,0,0,0,0,0,0,0,0,0,0,0000,0000,1
22,0,0,0,0,0,0,0,0,0,0,0,0,0,0,0,0,0,0010,0010,1
22,1,0,0,0,0,0,0,0,0,0,0,0,0,0,0,0,0,0000,0000,1
22,2,0,0,0,0,0,0,0,0,0,0,0,0,0,0,0,0,0000,0000,1
22,3,0,0,0,0,0,0,0,0,0,0,0,0,0,0,0,0,0000,0000,1
23,0,0,0,0,0,0,0,0,0,0,0,0,0,0,1,0,0,0010,0000,1
23,1,0,0,0,0,0,0,0,0,0,0,0,0,0,0,0,0,0000,0000,1
23,2,0,0,0,0,0,0,0,0,0,0,0,0,0,0,0,0,0000,0000,1
23,3,0,0,0,0,0,0,0,0,0,0,0,0,0,0,0,0,0000,0000,1
24,0,0,0,0,0,0,0,0,0,0,0,0,0,0,0,0,0,0000,0000,1
24,1,0,0,0,0,0,0,0,0,0,0,0,0,0,0,0,0,0000,0000,1
24,2,0,0,0,0,0,0,0,0,0,0,0,0,0,0,0,0,0000,0000,1
24,3,0,0,0,0,0,0,0,0,0,0,0,0,0,0,0,0,0000,0000,1
25,0,0,1,0,0,0,0,0,0,0,0,0,0,0,0,0,0,0010,0000,1
25,1,0,0,0,0,0,0,0,0,0,0,0,0,0,0,0,0,0000,0000,1
25,2,0,0,0,0,0,0,0,0,0,0,0,0,0,0,0,0,0000,0000,1
25,3,0,0,0,0,0,0,0,0,0,0,0,0,0,0,0,0,0000,0000,1
26,0,0,0,0,0,0,0,0,0,0,0,0,0,0,0,0,0,0100,0000,1
26,1,0,0,0,0,0,0,0,0,0,0,0,0,0,0,0,0,0000,0000,1
26,2,0,0,0,0,0,0,0,0,0,0,0,0,0,0,0,0,0000,0000,1
26,3,0,0,0,0,0,0,0,0,0,0,0,0,0,0,0,0,0000,0000,1
27,0,0,0,0,0,0,0,0,0,0,0,0,0,0,0,0,0,0100,0100,1
27,1,0,0,0,0,0,0,0,0,0,0,0,0,0,0,0,0,0000,0000,1
27,2,0,0,0,0,0,0,0,0,0,0,0,0,0,0,0,0,0000,0000,1
27,3,0,0,0,0,0,0,0,0,0,0,0,0,0,0,0,0,0000,0000,1
28,0,0,0,0,0,0,0,0,0,0,0,0,0,0,0,1,0,0100,0000,1
28,1,0,0,0,0,0,0,0,0,0,0,0,0,0,0,0,0,0000,0000,1
28,2,0,0,0,0,0,0,0,0,0,0,0,0,0,0,0,0,0000,0000,1
28,3,0,0,0,0,0,0,0,0,0,0,0,0,0,0,0,0,0001,0000,1
29,0,0,0,0,0,0,0,0,0,0,0,0,0,0,0,0,0,0000,0000,1
29,1,0,0,0,0,0,0,0,0,0,0,0,0,0,0,0,0,0000,0000,1
29,2,0,0,0,0,1,0,0,0,0,0,0,0,0,0,0,0,0000,0000,1
29,3,0,0,0,0,0,0,0,0,0,0,0,0,0,0,0,0,1000,0001,1
30,0,0,0,1,0,0,0,0,0,0,0,0,0,0,0,0,0,0100,0000,1
30,1,0,0,0,0,0,0,0,0,0,0,0,0,0,0,0,0,0000,0000,1
30,2,0,0,0,0,0,0,0,0,0,0,0,0,0,0,0,0,0000,0000,1
30,3,0,0,0,0,0,0,0,0,0,0,0,0,0,0,0,0,1000,1000,1
31,0,0,0,0,0,0,0,0,0,0,0,0,0,0,0,0,0,0010,0000,1
31,1,0,0,0,0,0,0,0,0,0,0,0,0,0,0,0,0,0000,0000,1
31,2,0,0,0,0,0,0,0,0,1,0,0,0,0,0,0,0,0000,0000,1
31,3,0,0,0,0,0,0,0,0,0,0,0,0,0,0,0,1,1000,0000,1
32,0,0,0,0,0,0,0,0,0,0,0,0,0,0,0,0,0,0010,0000,1
32,1,0,0,0,0,0,0,0,0,0,0,0,0,0,0,0,0,0000,0000,1
32,2,0,0,0,0,0,0,0,0,0,0,0,0,0,0,0,0,0000,0000,1
32,3,0,0,0,0,0,0,0,0,0,0,0,0,0,0,0,0,0000,0000,1
33,0,0,0,0,0,0,0,0,0,0,0,0,0,0,0,0,0,0010,0000,1
33,1,0,0,0,0,0,0,0,0,0,0,0,0,0,0,0,0,0000,0000,1
33,2,0,0,0,0,0,0,0,0,0,0,0,0,0,0,0,0,0000,0000,1
33,3,0,0,0,1,0,0,0,0,0,0,0,0,0,0,0,0,0000,0000,1
34,0,0,0,0,0,0,0,0,0,0,0,0,0,0,0,0,0,0010,0000,1
34,1,0,0,0,0,0,0,0,1,0,0,0,0,0,0,0,0,0000,0000,1
34,2,0,0,0,0,0,0,0,0,0,0,0,0,0,0,0,0,0001,0000,1
34,3,0,0,0,0,0,0,0,0,0,0,0,0,0,0,0,0,0000,0000,1
35,0,0,0,0,0,0,0,0,0,0,0,0,0,0,0,0,0,0010,0000,1
35,1,0,0,0,0,0,0,0,0,0,0,0,0,0,0,0,0,0000,0000,1
35,2,0,0,0,0,0,0,0,0,0,0,0,0,0,0,0,0,0000,0001,1
35,3,0,0,0,0,0,0,0,0,0,0,0,0,0,0,0,0,0000,0000,1
36,0,0,0,0,0,0,0,0,0,0,0,0,0,0,0,0,0,0010,0010,1
36,1,0,0,0,0,0,0,0,0,0,0,0,1,0,0,0,0,0000,0000,1
36,2,0,0,0,0,0,0,0,0,0,0,0,0,0,0,0,0,0000,0000,1
36,3,0,0,0,0,0,0,0,0,0,0,0,0,0,0,0,0,0000,0000,1
37,0,0,0,0,0,0,0,0,0,0,0,0,0,0,1,0,0,0010,0000,1
37,1,0,0,0,0,0,0,0,0,0,0,0,0,0,0,0,0,0000,0000,1
37,2,0,0,0,0,0,0,1,0,0,0,0,0,0,0,0,0,0000,0000,1
37,3,0,0,0,0,0,0,0,0,0,0,0,0,0,0,0,0,0000,0000,1
38,0,0,0,0,0,0,0,0,0,0,0,0,0,0,0,0,0,0000,0000,1
38,1,0,0,0,0,0,0,0,0,0,0,0,0,0,0,0,0,0000,0000,1
38,2,0,0,0,0,0,0,0,0,0,0,0,0,0,0,0,0,0000,0000,1
38,3,0,0,0,0,0,0,0,0,0,0,0,0,0,0,0,0,0000,0000,1
39,0,0,1,0,0,0,0,0,0,0,0,0,0,0,0,0,0,0000,0000,1
39,1,0,0,0,0,0,0,0,0,0,0,0,0,0,0,0,0,0000,0000,1
39,2,0,0,0,0,0,0,0,0,0,0,1,0,0,0,0,0,0000,0000,1
39,3,0,0,0,0,0,0,0,0,0,0,0,0,0,0,0,0,0000,0000,1
40,0,0,0,0,0,0,0,0,0,0,0,0,0,0,0,0,0,0000,0000,1
40,1,0,0,0,0,0,0,0,0,0,0,0,0,0,0,0,0,0010,0000,1
40,2,0,0,0,0,0,0,0,0,0,0,0,0,0,0,0,0,0000,0000,1
40,3,0,0,0,0,0,0,0,0,0,0,0,0,0,0,0,0,0000,0000,1
41,0,0,0,0,0,0,0,0,0,0,0,0,0,0,0,0,0,0000,0000,1
41,1,0,0,0,0,0,0,0,0,0,0,0,0,0,0,0,0,0010,0010,1
41,2,0,0,0,0,0,0,0,0,0,0,0,0,0,0,0,0,0000,0000,1
41,3,0,0,0,0,0,0,0,0,0,0,0,0,0,0,0,0,0000,0000,1
42,0,0,0,0,0,0,0,0,0,0,0,0,0,0,0,0,0,0000,0000,1
42,1,0,0,0,0,0,0,0,0,0,0,0,0,0,1,0,0,0010,0000,1
42,2,0,0,0,0,0,0,0,0,0,0,0,0,0,0,0,0,0001,0000,1
42,3,0,0,0,0,0,0,0,0,0,0,0,0,0,0,0,0,0000,0000,1
43,0,0,0,0,0,0,0,0,0,0,0,0,0,0,0,0,0,0000,0000,1
43,1,0,0,0,0,0,0,0,0,0,0,0,0,0,0,0,0,0000,0000,1
43,2,0,0,0,0,1,0,0,0,0,0,0,0,0,0,0,0,0001,0000,1
43,3,0,0,0,0,0,0,0,0,0,0,0,0,0,0,0,0,0000,0000,1
44,0,0,0,0,0,0,0,0,0,0,0,0,0,0,0,0,0,0000,0000,1
44,1,0,1,0,0,0,0,0,0,0,0,0,0,0,0,0,0,0000,0000,1
44,2,0,0,0,0,0,0,0,0,0,0,0,0,0,0,0,0,0001,0000,1
44,3,0,0,0,0,0,0,0,0,0,0,0,0,0,0,0,0,0000,0000,1
45,0,0,0,0,0,0,0,0,0,0,0,0,0,0,0,0,0,0000,0000,1
45,1,0,0,0,0,0,0,0,0,0,0,0,0,0,0,0,0,0000,0000,1
45,2,0,0,0,0,0,0,0,0,1,0,0,0,0,0,0,0,0001,0000,1
45,3,0,0,0,0,0,0,0,0,0,0,0,0,0,0,0,0,0000,0000,1
46,0,0,0,0,0,0,0,0,0,0,0,0,0,0,0,0,0,0000,0000,1
46,1,0,0,0,0,0,0,0,0,0,0,0,0,0,0,0,0,0000,0000,1
46,2,0,0,0,0,0,0,0,0,0,0,0,0,0,0,0,0,0001,0000,1
46,3,0,0,0,0,0,0,0,0,0,0,0,0,0,0,0,0,0000,0000,1
47,0,0,0,0,0,0,0,0,0,0,0,0,0,0,0,0,0,0000,0000,1
47,1,0,0,0,0,0,0,0,0,0,0,0,0,0,0,0,0,0000,0000,1
47,2,0,0,0,0,0,0,0,0,0,0,0,0,0,0,0,0,0001,0000,1
47,3,0,0,0,0,0,0,0,0,0,0,0,0,0,0,0,0,0000,0000,1
48,0,0,0,0,0,0,0,0,0,0,0,0,0,0,0,0,0,0000,0000,1
48,1,0,0,0,0,0,0,0,0,0,0,0,0,0,0,0,0,0000,0000,1
48,2,0,0,0,0,0,0,0,0,0,0,0,0,0,0,0,0,0001,0000,1
48,3,0,0,0,0,1,0,0,0,0,0,0,0,0,0,0,0,0000,0000,1
49,0,0,0,0,0,0,0,0,0,0,0,0,0,0,0,0,0,0000,0000,1
49,1,0,0,0,0,0,0,0,0,0,0,0,0,0,0,0,0,0000,0000,1
49,2,0,0,0,0,0,0,0,0,0,0,0,0,0,0,0,0,0001,0000,1
49,3,0,0,0,0,0,0,0,0,0,0,0,0,0,0,0,0,1000,0000,1
50,0,0,0,0,0,0,0,0,0,0,0,0,0,0,0,0,0,0000,0000,1
50,1,0,0,0,0,0,0,0,0,0,0,0,0,0,0,0,0,0000,0000,1
50,2,0,0,0,0,0,0,0,0,0,0,0,0,0,0,0,0,0001,0000,1
50,3,0,0,0,0,0,0,0,0,1,0,0,0,0,0,0,0,1000,1000,1
51,0,0,0,0,0,0,0,0,0,0,0,0,0,0,0,0,0,0000,0000,1
51,1,0,0,0,0,0,0,0,0,0,0,0,0,0,0,0,0,0000,0000,1
51,2,0,0,0,0,0,0,0,0,0,0,0,0,0,0,0,0,0001,0000,1
51,3,0,0,0,0,0,0,0,0,0,0,0,0,0,0,0,1,1000,0000,1
52,0,0,0,0,0,0,0,0,0,0,0,0,0,0,0,0,0,0000,0000,1
52,1,0,0,0,0,0,0,0,0,0,0,0,0,0,0,0,0,0000,0000,1
52,2,0,0,0,0,0,0,0,0,0,0,0,0,0,0,0,0,0001,0000,1
52,3,0,0,0,0,0,0,0,0,0,0,0,0,0,0,0,0,0000,0000,1
53,0,0,0,0,0,0,0,0,0,0,0,0,0,0,0,0,0,0000,0000,1
53,1,0,0,0,0,0,0,0,0,0,0,0,0,0,0,0,0,0000,0000,1
53,2,0,0,0,0,0,0,0,0,0,0,0,0,0,0,0,0,0001,0000,1
53,3,0,0,0,1,0,0,0,0,0,0,0,0,0,0,0,0,1000,0000,1
54,0,0,0,0,0,0,0,0,0,0,0,0,0,0,0,0,0,0000,0000,1
54,1,0,0,0,0,0,0,0,0,0,0,0,0,0,0,0,0,0000,0000,1
54,2,0,0,0,0,0,0,0,0,0,0,0,0,0,0,0,0,0001,0000,1
54,3,0,0,0,0,0,0,0,0,0,0,0,0,0,0,0,0,0001,0000,1
55,0,0,0,0,0,0,0,0,0,0,0,0,0,0,0,0,0,0000,0000,1
55,1,0,0,0,0,0,0,0,0,0,0,0,0,0,0,0,0,0000,0000,1
55,2,0,0,0,0,0,0,0,0,0,0,0,0,0,0,0,0,0001,0000,1
55,3,0,0,0,0,0,0,0,0,0,0,0,0,0,0,0,0,0001,0000,1
56,0,0,0,0,0,0,0,0,0,0,0,0,0,0,0,0,0,0000,0000,1
56,1,0,0,0,0,0,0,0,0,0,0,0,0,0,0,0,0,0000,0000,1
56,2,0,0,0,0,0,0,0,0,0,0,0,0,0,0,0,0,0001,0000,1
56,3,0,0,0,0,0,0,0,0,0,0,0,0,0,0,0,0,0001,0000,1
57,0,0,0,0,0,0,0,0,0,0,0,0,0,0,0,0,0,0000,0000,1
57,1,0,0,0,0,0,0,0,0,0,0,0,0,0,0,0,0,0000,0000,1
57,2,0,0,0,0,0,0,1,0,0,0,0,0,0,0,0,0,0001,0000,1
57,3,0,0,0,0,0,0,0,0,0,0,0,0,0,0,0,0,0001,0000,1
58,0,0,0,0,0,0,0,0,0,0,0,0,0,0,0,0,0,0000,0000,1
58,1,0,0,0,0,0,0,0,0,0,0,0,0,0,0,0,0,0000,0000,1
58,2,0,0,0,0,0,0,0,0,0,0,0,0,0,0,0,0,0001,0000,1
58,3,0,0,0,0,0,0,0,0,0,0,0,0,0,0,0,0,0001,0001,1
59,0,0,0,0,0,0,0,0,0,0,0,0,0,0,0,0,0,0000,0000,1
59,1,0,0,0,0,0,0,0,0,0,0,0,0,0,0,0,0,0000,0000,1
59,2,0,0,0,0,0,0,0,0,0,0,1,0,0,0,0,0,0001,0000,1
59,3,0,0,0,0,0,0,0,0,0,0,0,0,1,0,0,0,0001,0000,1
60,0,0,0,0,0,0,0,0,0,0,0,0,0,0,0,0,0,0000,0000,1
60,1,0,0,0,0,0,0,0,0,0,0,0,0,0,0,0,0,0000,0000,1
60,2,0,0,0,0,0,0,0,0,0,0,0,0,0,0,0,0,0001,0000,1
60,3,0,0,0,0,0,0,0,0,0,0,0,0,0,0,0,0,0000,0000,1
61,0,0,0,0,0,0,0,0,0,0,0,0,0,0,0,0,0,0010,0000,1
61,1,0,0,0,0,0,0,0,0,0,0,0,0,0,0,0,0,0000,0000,1
61,2,0,0,0,0,0,0,0,0,0,0,0,0,0,0,0,0,0001,0000,1
61,3,1,0,0,0,0,0,0,0,0,0,0,0,0,0,0,0,0001,0000,1
62,0,0,0,0,0,0,0,0,0,0,0,0,0,0,0,0,0,0100,0000,1
62,1,0,0,0,0,0,0,0,0,0,0,0,0,0,0,0,0,0000,0000,1
62,2,0,0,0,0,0,0,0,0,0,0,0,0,0,0,0,0,0001,0000,1
62,3,0,0,0,0,0,0,0,0,0,0,0,0,0,0,0,0,0001,0000,1
63,0,0,0,0,0,0,0,0,0,0,0,0,0,0,0,0,0,0100,0100,1
63,1,0,0,0,0,0,0,0,0,0,0,0,0,0,0,0,0,0000,0000,1
63,2,0,0,0,0,0,0,0,0,0,0,0,0,0,0,0,0,0001,0000,1
63,3,0,0,0,0,0,0,0,0,0,0,0,0,0,0,0,0,0001,0000,1
64,0,0,0,0,0,0,0,0,0,0,0,0,0,0,0,1,0,0100,0000,1
64,1,0,0,0,0,0,0,0,0,0,0,0,0,0,0,0,0,0000,0000,1
64,2,0,0,0,0,0,0,0,0,0,0,0,0,0,0,0,0,0001,0000,1
64,3,0,0,0,0,0,0,0,0,0,0,0,0,0,0,0,0,0001,0000,1
65,0,0,0,0,0,0,0,0,0,0,0,0,0,0,0,0,0,0000,0000,1
65,1,0,0,0,0,0,1,0,0,0,0,0,0,0,0,0,0,0000,0000,1
65,2,0,0,0,0,0,0,0,0,0,0,0,0,0,0,0,0,0001,0000,1
65,3,0,0,0,0,0,0,0,0,0,0,0,0,0,0,0,0,0001,0000,1
66,0,0,0,1,0,0,0,0,0,0,0,0,0,0,0,0,0,0000,0000,1
66,1,0,0,0,0,0,0,0,0,0,0,0,0,0,0,0,0,0000,0000,1
66,2,0,0,0,0,0,0,0,0,0,0,0,0,0,0,0,0,0001,0000,1
66,3,0,0,0,0,0,0,0,0,0,0,0,0,0,0,0,0,0001,0000,1
67,0,0,0,0,0,0,0,0,0,0,0,0,0,0,0,0,0,0000,0000,1
67,1,0,0,0,0,0,0,0,0,0,1,0,0,0,0,0,0,0000,0000,1
67,2,0,0,0,0,0,0,0,0,0,0,0,0,0,0,0,0,0001,0000,1
67,3,0,0,0,0,0,0,0,0,0,0,0,0,0,0,0,0,0001,0000,1
68,0,0,0,0,0,0,0,0,0,0,0,0,0,0,0,0,0,0000,0000,1
68,1,0,0,0,0,0,0,0,0,0,0,0,0,0,0,0,0,0000,0000,1
68,2,0,0,0,0,0,0,0,0,0,0,0,0,0,0,0,0,0001,0000,1
68,3,0,0,0,0,0,0,0,0,0,0,0,0,0,0,0,0,0001,0000,1
69,0,0,0,0,0,0,0,0,0,0,0,0,0,0,0,0,0,0000,0000,1
69,1,0,0,0,0,0,0,0,0,0,0,0,0,0,0,0,0,0000,0000,1
69,2,0,0,0,0,0,0,0,0,0,0,0,0,0,0,0,0,0001,0000,1
69,3,0,0,0,0,0,0,0,0,0,0,0,0,0,0,0,0,0001,0000,1
70,0,0,0,0,0,0,0,0,0,0,0,0,0,0,0,0,0,0000,0000,1
70,1,0,0,0,0,0,0,0,1,0,0,0,0,0,0,0,0,0010,0000,1
70,2,0,0,0,0,0,0,0,0,0,0,0,0,0,0,0,0,0001,0000,1
70,3,0,0,0,0,0,0,0,0,0,0,0,0,0,0,0,0,0001,0000,1
71,0,0,0,0,0,0,0,0,0,0,0,0,0,0,0,0,0,0000,0000,1
71,1,0,0,0,0,0,0,0,0,0,0,0,0,0,0,0,0,0000,0000,1
71,2,0,0,0,0,0,0,0,0,0,0,0,0,0,0,0,0,0001,0001,1
71,3,0,0,0,0,0,0,0,0,0,0,0,0,0,0,0,0,0001,0000,1
72,0,0,0,0,0,0,0,0,0,0,0,0,0,0,0,0,0,0000,0000,1
72,1,0,0,0,0,0,0,0,0,0,0,0,1,0,0,0,0,0000,0000,1
72,2,0,0,0,0,0,0,0,0,0,0,0,0,1,0,0,0,0001,0000,1
72,3,0,0,0,0,0,0,0,0,0,0,0,0,0,0,0,0,0001,0000,1
73,0,0,0,0,0,0,0,0,0,0,0,0,0,0,0,0,0,0000,0000,1
73,1,0,0,0,0,0,0,0,0,0,0,0,0,0,0,0,0,0000,0000,1
73,2,0,0,0,0,0,0,0,0,0,0,0,0,0,0,0,0,0000,0000,1
73,3,0,0,0,0,0,0,0,0,0,0,0,0,0,0,0,0,0001,0000,1
74,0,0,0,0,0,0,0,0,0,0,0,0,0,0,0,0,0,0000,0000,1
74,1,0,0,0,0,0,0,0,0,0,0,0,0,0,0,0,0,0000,0000,1
74,2,1,0,0,0,0,0,0,0,0,0,0,0,0,0,0,0,0001,0000,1
74,3,0,0,0,0,0,0,0,0,0,0,0,0,0,0,0,0,0001,0000,1
75,0,0,0,0,0,0,0,0,0,0,0,0,0,0,0,0,0,0000,0000,1
75,1,0,0,0,0,0,0,0,0,0,0,0,0,0,0,0,0,0010,0000,1
75,2,0,0,0,0,0,0,0,0,0,0,0,0,0,0,0,0,0001,0000,1
75,3,0,0,0,0,0,0,0,0,0,0,0,0,0,0,0,0,0001,0000,1
76,0,0,0,0,0,0,0,0,0,0,0,0,0,0,0,0,0,0000,0000,1
76,1,0,0,0,0,0,0,0,0,0,0,0,0,0,0,0,0,0010,0000,1
76,2,0,0,0,0,0,0,0,0,0,0,0,0,0,0,0,0,0001,0000,1
76,3,0,0,0,0,0,0,0,0,0,0,0,0,0,0,0,0,0001,0000,1
77,0,0,0,0,0,0,0,0,0,0,0,0,0,0,0,0,0,0000,0000,1
77,1,0,0,0,0,0,0,0,0,0,0,0,0,0,0,0,0,0010,0000,1
77,2,0,0,0,0,0,0,0,0,0,0,0,0,0,0,0,0,0001,0000,1
77,3,0,0,0,0,0,0,0,0,0,0,0,0,0,0,0,0,0001,0000,1
78,0,0,0,0,0,0,1,0,0,0,0,0,0,0,0,0,0,0000,0000,1
78,1,0,0,0,0,0,0,0,0,0,0,0,0,0,0,0,0,0010,0000,1
78,2,0,0,0,0,0,0,0,0,0,0,0,0,0,0,0,0,0001,0000,1
78,3,0,0,0,0,0,0,0,0,0,0,0,0,0,0,0,0,0001,0000,1
79,0,0,0,0,0,0,0,0,0,0,0,0,0,0,0,0,0,0000,0000,1
79,1,0,0,0,0,0,0,0,0,0,0,0,0,0,0,0,0,0010,0000,1
79,2,0,0,0,0,0,0,0,0,0,0,0,0,0,0,0,0,0001,0000,1
79,3,0,0,0,0,0,0,0,0,0,0,0,0,0,0,0,0,0001,0000,1
80,0,0,0,0,0,0,0,0,0,0,1,0,0,0,0,0,0,0000,0000,1
80,1,0,0,0,0,0,0,0,0,0,0,0,0,0,0,0,0,0010,0000,1
80,2,0,0,0,0,0,0,0,0,0,0,0,0,0,0,0,0,0001,0000,1
80,3,0,0,0,0,0,0,0,0,0,0,0,0,0,0,0,0,0001,0000,1
81,0,0,0,0,0,0,0,0,0,0,0,0,0,0,0,0,0,0000,0000,1
81,1,0,0,0,0,0,0,0,0,0,0,0,0,0,0,0,0,0010,0000,1
81,2,0,0,0,0,0,0,0,0,0,0,0,0,0,0,0,0,0001,0000,1
81,3,0,0,0,0,0,0,0,0,0,0,0,0,0,0,0,0,0001,0000,1
82,0,0,0,0,0,0,0,0,0,0,0,0,0,0,0,0,0,0000,0000,1
82,1,0,0,0,0,0,0,0,0,0,0,0,0,0,0,0,0,0010,0000,1
82,2,0,0,0,0,0,0,0,0,0,0,0,0,0,0,0,0,0001,0000,1
82,3,0,0,0,0,0,0,0,0,0,0,0,0,0,0,0,0,0001,0000,1
83,0,0,0,0,0,0,0,0,0,0,0,0,0,0,0,0,0,0100,0000,1
83,1,0,0,0,0,0,0,0,0,0,0,0,0,0,0,0,0,0010,0000,1
83,2,0,0,0,0,0,0,0,0,0,0,0,0,0,0,0,0,0001,0000,1
83,3,0,0,0,0,0,0,0,0,0,0,0,0,0,0,0,0,0001,0000,1
84,0,0,0,0,0,0,0,0,0,0,0,0,0,0,0,0,0,0000,0100,1
84,1,0,0,0,0,0,0,0,0,0,0,0,0,0,0,0,0,0010,0000,1
84,2,0,0,0,0,0,0,0,0,0,0,0,0,0,0,0,0,0001,0000,1
84,3,0,0,0,0,0,0,0,0,0,0,0,0,0,0,0,0,0001,0000,1
85,0,0,0,0,0,0,0,0,0,0,0,0,0,0,0,0,0,0000,0000,1
85,1,0,0,0,0,0,0,0,0,0,0,0,0,0,0,0,0,0010,0000,1
85,2,0,0,0,0,0,0,0,0,0,0,0,0,0,0,0,0,0001,0000,1
85,3,0,0,0,0,0,0,0,0,0,0,0,0,0,0,0,0,0001,0000,1
86,0,0,0,0,0,0,0,0,0,0,0,0,0,0,0,0,0,0000,0000,1
86,1,0,0,0,0,0,0,0,0,0,0,0,0,0,0,0,0,0010,0000,1
86,2,0,0,0,0,0,0,0,0,0,0,0,0,0,0,0,0,0001,0000,1
86,3,0,0,0,0,0,0,0,0,0,0,0,0,0,0,0,0,0001,0000,1
87,0,0,0,0,0,0,0,0,0,0,0,0,0,0,0,0,0,0000,0000,1
87,1,0,0,0,0,0,0,0,0,0,0,0,0,0,0,0,0,0010,0000,1
87,2,0,0,0,0,0,0,0,0,0,0,0,0,0,0,0,0,0001,0000,1
87,3,0,0,0,0,0,0,0,0,0,0,0,0,0,0,0,0,0001,0000,1
88,0,0,0,0,0,0,0,0,0,0,0,0,0,0,0,0,0,0000,0000,1
88,1,0,0,0,0,0,0,0,0,0,0,0,0,0,0,0,0,0010,0000,1
88,2,0,0,0,0,0,0,0,0,0,0,0,0,0,0,0,0,0001,0000,1
88,3,0,0,0,0,0,0,0,0,0,0,0,0,0,0,0,0,0001,0000,1
89,0,0,0,0,0,0,0,0,0,0,0,0,0,0,0,0,0,0000,0000,1
89,1,0,0,0,0,0,0,0,0,0,0,0,0,0,0,0,0,0010,0000,1
89,2,0,0,0,0,0,0,0,0,0,0,0,0,0,0,0,0,0001,0000,1
89,3,0,0,0,0,0,0,0,0,0,0,0,0,0,0,0,0,0001,0000,1
90,0,0,0,0,0,0,0,0,0,0,0,0,0,0,0,0,0,0000,0000,1
90,1,0,0,0,0,0,0,0,0,0,0,0,0,0,0,0,0,0010,0000,1
90,2,0,0,0,0,0,0,0,0,0,0,0,0,0,0,0,0,0001,0000,1
90,3,0,0,0,0,0,0,0,0,0,0,0,0,0,0,0,0,0001,0000,1
91,0,0,0,0,0,0,0,0,0,0,0,0,0,0,0,0,0,0000,0000,1
91,1,0,0,0,0,0,0,0,0,0,0,0,0,0,0,0,0,0010,0000,1
91,2,0,0,0,0,0,0,0,0,0,0,0,0,0,0,0,0,0001,0000,1
91,3,0,0,0,0,0,0,0,0,0,0,0,0,0,0,0,0,0001,0000,1
92,0,0,0,0,0,0,0,0,0,0,0,0,0,0,0,0,0,0000,0000,1
92,1,0,0,0,0,0,0,0,0,0,0,0,0,0,0,0,0,0010,0000,1
92,2,0,0,0,0,0,0,0,0,0,0,0,0,0,0,0,0,0001,0000,1
92,3,0,0,0,0,0,0,0,0,0,0,0,0,0,0,0,0,0001,0000,1
93,0,0,0,0,0,0,0,0,0,0,0,0,0,0,0,0,0,0000,0000,1
93,1,0,0,0,0,0,0,0,0,0,0,0,0,0,0,0,0,0010,0000,1
93,2,0,0,0,0,0,0,0,0,0,0,0,0,0,0,0,0,0001,0000,1
93,3,0,0,0,0,0,0,0,0,0,0,0,0,0,0,0,0,0001,0000,1
94,0,0,0,0,0,0,0,0,0,0,0,0,0,0,0,0,0,0100,0000,1
94,1,0,0,0,0,0,0,0,0,0,0,0,0,0,0,0,0,0010,0000,1
94,2,0,0,0,0,0,0,0,0,0,0,0,0,0,0,0,0,0001,0000,1
94,3,0,0,0,0,0,0,0,0,0,0,0,0,0,0,0,0,0001,0000,1
95,0,0,0,0,0,0,0,0,0,0,0,0,0,0,0,0,0,0100,0100,1
95,1,0,0,0,0,0,0,0,0,0,0,0,0,0,0,0,0,0010,0000,1
95,2,0,0,0,0,0,0,0,0,0,0,0,0,0,0,0,0,0001,0000,1
95,3,0,0,0,0,0,0,0,0,0,0,0,0,0,0,0,0,0001,0000,1
96,0,0,0,0,0,0,0,0,0,0,0,0,0,0,0,1,0,0100,0000,1
96,1,0,0,0,0,0,0,0,0,0,0,0,0,0,0,0,0,0010,0000,1
96,2,0,0,0,0,0,0,0,0,0,0,0,0,0,0,0,0,0001,0000,1
96,3,0,0,0,0,0,0,0,0,0,0,0,0,0,0,0,0,0001,0000,1
97,0,0,0,0,0,0,0,0,0,0,0,0,0,0,0,0,0,0000,0000,1
97,1,0,0,0,0,0,0,0,0,0,0,0,0,0,0,0,0,0010,0000,1
97,2,0,0,0,0,0,0,0,0,0,0,0,0,0,0,0,0,0001,0000,1
97,3,0,0,0,0,0,0,0,0,0,0,0,0,0,0,0,0,0001,0000,1
98,0,0,0,1,0,0,0,0,0,0,0,0,0,0,0,0,0,0000,0000,1
98,1,0,0,0,0,0,0,0,0,0,0,0,0,0,0,0,0,0010,0000,1
98,2,0,0,0,0,0,0,0,0,0,0,0,0,0,0,0,0,0001,0000,1
98,3,0,0,0,0,0,0,0,0,0,0,0,0,0,0,0,0,0001,0000,1
99,0,0,0,0,0,0,0,0,0,0,0,0,0,0,0,0,0,0000,0000,1
99,1,0,0,0,0,0,0,0,0,0,0,0,0,0,0,0,0,0010,0000,1
99,2,0,0,0,0,0,0,0,0,0,0,0,0,0,0,0,0,0001,0000,1
99,3,0,0,0,0,0,0,0,0,0,0,0,0,0,0,0,0,0001,0000,1
100,0,0,0,0,0,0,0,0,0,0,0,0,0,0,0,0,0,0000,0000,1
100,1,0,0,0,0,0,0,0,0,0,0,0,0,0,0,0,0,0010,0000,1
100,2,0,0,0,0,0,0,0,0,0,0,0,0,0,0,0,0,0001,0000,1
100,3,0,0,0,0,0,0,0,0,0,0,0,0,0,0,0,0,0001,0000,1
101,0,0,0,0,0,0,0,0,0,0,0,0,0,0,0,0,0,0000,0000,1
101,1,0,0,0,0,0,0,0,0,0,0,0,0,0,0,0,0,0010,0000,1
101,2,0,0,0,0,0,0,0,0,0,0,0,0,0,0,0,0,0001,0000,1
101,3,0,0,0,0,0,0,0,0,0,0,0,0,0,0,0,0,0001,0000,1
102,0,0,0,0,0,0,0,0,0,0,0,0,0,0,0,0,0,0000,0000,1
102,1,0,0,0,0,0,0,0,1,0,0,0,0,0,0,0,0,0010,0000,1
102,2,0,0,0,0,0,0,0,0,0,0,0,0,0,0,0,0,0001,0000,1
102,3,0,0,0,0,0,0,0,0,0,0,0,0,0,0,0,0,0001,0000,1
103,0,0,0,0,0,0,0,0,0,0,0,0,0,0,0,0,0,0000,0000,1
103,1,0,0,0,0,0,0,0,0,0,0,0,0,0,0,0,0,0010,0000,1
103,2,0,0,0,0,0,0,0,0,0,0,0,0,0,0,0,0,0001,0001,1
103,3,0,0,0,0,0,0,0,0,0,0,0,0,0,0,0,0,0001,0000,1
104,0,0,0,0,0,0,0,0,0,0,0,0,0,0,0,0,0,0000,0000,1
104,1,0,0,0,0,0,0,0,0,0,0,0,1,0,0,0,0,0010,0000,1
104,2,0,0,0,0,0,0,0,0,0,0,0,0,1,0,0,0,0001,0000,1
104,3,0,0,0,0,0,0,0,0,0,0,0,0,0,0,0,0,0001,0000,1
105,0,0,0,0,0,0,0,0,0,0,0,0,0,0,0,0,0,0000,0000,1
105,1,0,0,0,0,0,0,0,0,0,0,0,0,0,0,0,0,0010,0000,1
105,2,0,0,0,0,0,0,0,0,0,0,0,0,0,0,0,0,0000,0000,1
105,3,0,0,0,0,0,0,0,0,0,0,0,0,0,0,0,0,0001,0000,1
106,0,0,0,0,0,0,0,0,0,0,0,0,0,0,0,0,0,0000,0000,1
106,1,0,0,0,0,0,0,0,0,0,0,0,0,0,0,0,0,0010,0000,1
106,2,1,0,0,0,0,0,0,0,0,0,0,0,0,0,0,0,0001,0000,1
106,3,0,0,0,0,0,0,0,0,0,0,0,0,0,0,0,0,0001,0000,1
107,0,0,0,0,0,0,0,0,0,0,0,0,0,0,0,0,0,0000,0000,1
107,1,0,0,0,0,0,0,0,0,0,0,0,0,0,0,0,0,0010,0000,1
107,2,0,0,0,0,0,0,0,0,0,0,0,0,0,0,0,0,0000,0000,1
107,3,0,0,0,0,0,0,0,0,0,0,0,0,0,0,0,0,0001,0000,1
108,0,0,0,0,0,0,0,0,0,0,0,0,0,0,0,0,0,0000,0000,1
108,1,0,0,0,0,0,0,0,0,0,0,0,0,0,0,0,0,0010,0000,1
108,2,0,0,0,0,0,0,0,0,0,0,0,0,0,0,0,0,0001,0000,1
108,3,0,0,0,0,0,0,0,0,0,0,0,0,0,0,0,0,0001,0000,1
109,0,0,0,0,0,0,0,0,0,0,0,0,0,0,0,0,0,0000,0000,1
109,1,0,0,0,0,0,0,0,0,0,0,0,0,0,0,0,0,0010,0000,1
109,2,0,0,0,0,0,0,0,0,0,0,0,0,0,0,0,0,0001,0000,1
109,3,0,0,0,0,0,0,0,0,0,0,0,0,0,0,0,0,0001,0000,1
110,0,0,0,0,0,0,1,0,0,0,0,0,0,0,0,0,0,0000,0000,1
110,1,0,0,0,0,0,0,0,0,0,0,0,0,0,0,0,0,0010,0000,1
110,2,0,0,0,0,0,0,0,0,0,0,0,0,0,0,0,0,0001,0000,1
110,3,0,0,0,0,0,0,0,0,0,0,0,0,0,0,0,0,0001,0000,1
111,0,0,0,0,0,0,0,0,0,0,0,0,0,0,0,0,0,0000,0000,1
111,1,0,0,0,0,0,0,0,0,0,0,0,0,0,0,0,0,0010,0000,1
111,2,0,0,0,0,0,0,0,0,0,0,0,0,0,0,0,0,0001,0000,1
111,3,0,0,0,0,0,0,0,0,0,0,0,0,0,0,0,0,0001,0000,1
112,0,0,0,0,0,0,0,0,0,0,1,0,0,0,0,0,0,0000,0000,1
112,1,0,0,0,0,0,0,0,0,0,0,0,0,0,0,0,0,0010,0000,1
112,2,0,0,0,0,0,0,0,0,0,0,0,0,0,0,0,0,0001,0000,1
112,3,0,0,0,0,0,0,0,0,0,0,0,0,0,0,0,0,0001,0000,1
113,0,0,0,0,0,0,0,0,0,0,0,0,0,0,0,0,0,0000,0000,1
113,1,0,0,0,0,0,0,0,0,0,0,0,0,0,0,0,0,0010,0000,1
113,2,0,0,0,0,0,0,0,0,0,0,0,0,0,0,0,0,0001,0000,1
113,3,0,0,0,0,0,0,0,0,0,0,0,0,0,0,0,0,0001,0000,1
114,0,0,0,0,0,0,0,0,0,0,0,0,0,0,0,0,0,0000,0000,1
114,1,0,0,0,0,0,0,0,0,0,0,0,0,0,0,0,0,0010,0000,1
114,2,0,0,0,0,0,0,0,0,0,0,0,0,0,0,0,0,0001,0000,1
114,3,0,0,0,0,0,0,0,0,0,0,0,0,0,0,0,0,0001,0000,1
115,0,0,0,0,0,0,0,0,0,0,0,0,0,0,0,0,0,0100,0000,1
115,1,0,0,0,0,0,0,0,0,0,0,0,0,0,0,0,0,0010,0000,1
115,2,0,0,0,0,0,0,0,0,0,0,0,0,0,0,0,0,0001,0000,1
115,3,0,0,0,0,0,0,0,0,0,0,0,0,0,0,0,0,0001,0000,1
116,0,0,0,0,0,0,0,0,0,0,0,0,0,0,0,0,0,0000,0100,1
116,1,0,0,0,0,0,0,0,0,0,0,0,0,0,0,0,0,0010,0000,1
116,2,0,0,0,0,0,0,0,0,0,0,0,0,0,0,0,0,0001,0000,1
116,3,0,0,0,0,0,0,0,0,0,0,0,0,0,0,0,0,0001,0000,1
117,0,0,0,0,0,0,0,0,0,0,0,0,0,0,0,0,0,0000,0000,1
117,1,0,0,0,0,0,0,0,0,0,0,0,0,0,0,0,0,0010,0000,1
117,2,0,0,0,0,0,0,0,0,0,0,0,0,0,0,0,0,0001,0000,1
117,3,0,0,0,0,0,0,0,0,0,0,0,0,0,0,0,0,0001,0000,1
118,0,0,0,0,0,0,0,0,0,0,0,0,0,0,0,0,0,0000,0000,1
118,1,0,0,0,0,0,0,0,0,0,0,0,0,0,0,0,0,0010,0000,1
118,2,0,0,0,0,0,0,0,0,0,0,0,0,0,0,0,0,0001,0000,1
118,3,0,0,0,0,0,0,0,0,0,0,0,0,0,0,0,0,0001,0000,1
119,0,0,0,0,0,0,0,0,0,0,0,0,0,0,0,0,0,0000,0000,1
119,1,0,0,0,0,0,0,0,0,0,0,0,0,0,0,0,0,0010,0000,1
119,2,0,0,0,0,0,0,0,0,0,0,0,0,0,0,0,0,0001,0000,1
119,3,0,0,0,0,0,0,0,0,0,0,0,0,0,0,0,0,0001,0000,1
120,0,0,0,0,0,0,0,0,0,0,0,0,0,0,0,0,0,0000,0000,1
120,1,0,0,0,0,0,0,0,0,0,0,0,0,0,0,0,0,0010,0000,1
120,2,0,0,0,0,0,0,0,0,0,0,0,0,0,0,0,0,0001,0000,1
120,3,0,0,0,0,0,0,0,0,0,0,0,0,0,0,0,0,0001,0000,1
121,0,0,0,0,0,0,0,0,0,0,0,0,0,0,0,0,0,0000,0000,1
121,1,0,0,0,0,0,0,0,0,0,0,0,0,0,0,0,0,0010,0000,1
121,2,0,0,0,0,0,0,0,0,0,0,0,0,0,0,0,0,0001,0000,1
121,3,0,0,0,0,0,0,0,0,0,0,0,0,0,0,0,0,0001,0000,1
122,0,0,0,0,0,0,0,0,0,0,0,0,0,0,0,0,0,0000,0000,1
122,1,0,0,0,0,0,0,0,0,0,0,0,0,0,0,0,0,0010,0000,1
122,2,0,0,0,0,0,0,0,0,0,0,0,0,0,0,0,0,0001,0000,1
122,3,0,0,0,0,0,0,0,0,0,0,0,0,0,0,0,0,0001,0000,1
123,0,0,0,0,0,0,0,0,0,0,0,0,0,0,0,0,0,0000,0000,1
123,1,0,0,0,0,0,0,0,0,0,0,0,0,0,0,0,0,0010,0000,1
123,2,0,0,0,0,0,0,0,0,0,0,0,0,0,0,0,0,0001,0000,1
123,3,0,0,0,0,0,0,0,0,0,0,0,0,0,0,0,0,0001,0000,1
124,0,0,0,0,0,0,0,0,0,0,0,0,0,0,0,0,0,0000,0000,1
124,1,0,0,0,0,0,0,0,0,0,0,0,0,0,0,0,0,0010,0000,1
124,2,0,0,0,0,0,0,0,0,0,0,0,0,0,0,0,0,0001,0000,1
124,3,0,0,0,0,0,0,0,0,0,0,0,0,0,0,0,0,0001,0000,1
125,0,0,0,0,0,0,0,0,0,0,0,0,0,0,0,0,0,0000,0000,1
125,1,0,0,0,0,0,0,0,0,0,0,0,0,0,0,0,0,0010,0000,1
125,2,0,0,0,0,0,0,0,0,0,0,0,0,0,0,0,0,0001,0000,1
125,3,0,0,0,0,0,0,0,0,0,0,0,0,0,0,0,0,0001,0000,1
126,0,0,0,0,0,0,0,0,0,0,0,0,0,0,0,0,0,0000,0000,1
126,1,0,0,0,0,0,0,0,0,0,0,0,0,0,0,0,0,0010,0000,1
126,2,0,0,0,0,0,0,0,0,0,0,0,0,0,0,0,0,0001,0000,1
126,3,0,0,0,0,0,0,0,0,0,0,0,0,0,0,0,0,0001,0000,1
127,0,0,0,0,0,0,0,0,0,0,0,0,0,0,0,0,0,0000,0000,1
127,1,0,0,0,0,0,0,0,0,0,0,0,0,0,0,0,0,0010,0000,1
127,2,0,0,0,0,0,0,0,0,0,0,0,0,0,0,0,0,0001,0000,1
127,3,0,0,0,0,0,0,0,0,0,0,0,0,0,0,0,0,0001,0000,1
128,0,0,0,0,0,0,0,0,0,0,0,0,0,0,0,0,0,0000,0000,1
128,1,0,0,0,0,0,0,0,0,0,0,0,0,0,0,0,0,0010,0000,1
128,2,0,0,0,0,0,0,0,0,0,0,0,0,0,0,0,0,0001,0000,1
128,3,0,0,0,0,0,0,0,0,0,0,0,0,0,0,0,0,0001,0000,1
129,0,0,0,0,0,0,0,0,0,0,0,0,0,0,0,0,0,0000,0000,1
129,1,0,0,0,0,0,0,0,0,0,0,0,0,0,0,0,0,0010,0000,1
129,2,0,0,0,0,0,0,0,0,0,0,0,0,0,0,0,0,0001,0000,1
129,3,0,0,0,0,0,0,0,0,0,0,0,0,0,0,0,0,0001,0000,1
130,0,0,0,0,0,0,0,0,0,0,0,0,0,0,0,0,0,0000,0000,1
130,1,0,0,0,0,0,0,0,0,0,0,0,0,0,0,0,0,0010,0000,1
130,2,0,0,0,0,0,0,0,0,0,0,0,0,0,0,0,0,0001,0000,1
130,3,0,0,0,0,0,0,0,0,0,0,0,0,0,0,0,0,0001,0000,1
131,0,0,0,0,0,0,0,0,0,0,0,0,0,0,0,0,0,0000,0000,1
131,1,0,0,0,0,0,0,0,0,0,0,0,0,0,0,0,0,0010,0000,1
131,2,0,0,0,0,0,0,0,0,0,0,0,0,0,0,0,0,0001,0000,1
131,3,0,0,0,0,0,0,0,0,0,0,0,0,0,0,0,0,0001,0000,1
132,0,0,0,0,0,0,0,0,0,0,0,0,0,0,0,0,0,0000,0000,1
132,1,0,0,0,0,0,0,0,0,0,0,0,0,0,0,0,0,0010,0000,1
132,2,0,0,0,0,0,0,0,0,0,0,0,0,0,0,0,0,0001,0000,1
132,3,0,0,0,0,0,0,0,0,0,0,0,0,0,0,0,0,0001,0000,1
133,0,0,0,0,0,0,0,0,0,0,0,0,0,0,0,0,0,0000,0000,1
133,1,0,0,0,0,0,0,0,0,0,0,0,0,0,0,0,0,0010,0000,1
133,2,0,0,0,0,0,0,0,0,0,0,0,0,0,0,0,0,0001,0000,1
133,3,0,0,0,0,0,0,0,0,0,0,0,0,0,0,0,0,0001,0000,1
134,0,0,0,0,0,0,0,0,0,0,0,0,0,0,0,0,0,0000,0000,1
134,1,0,0,0,0,0,0,0,0,0,0,0,0,0,0,0,0,0010,0000,1
134,2,0,0,0,0,0,0,0,0,0,0,0,0,0,0,0,0,0001,0000,1
134,3,0,0,0,0,0,0,0,0,0,0,0,0,0,0,0,0,0001,0000,1
135,0,0,0,0,0,0,0,0,0,0,0,0,0,0,0,0,0,0000,0000,1
135,1,0,0,0,0,0,0,0,0,0,0,0,0,0,0,0,0,0010,0000,1
135,2,0,0,0,0,0,0,0,0,0,0,0,0,0,0,0,0,0001,0000,1
135,3,0,0,0,0,0,0,0,0,0,0,0,0,0,0,0,0,0001,0000,1
136,0,0,0,0,0,0,0,0,0,0,0,0,0,0,0,0,0,0000,0000,1
136,1,0,0,0,0,0,0,0,0,0,0,0,0,0,0,0,0,0010,0000,1
136,2,0,0,0,0,0,0,0,0,0,0,0,0,0,0,0,0,0001,0000,1
136,3,0,0,0,0,0,0,0,0,0,0,0,0,0,0,0,0,0001,0000,1
137,0,0,0,0,0,0,0,0,0,0,0,0,0,0,0,0,0,0000,0000,1
137,1,0,0,0,0,0,0,0,0,0,0,0,0,0,0,0,0,0010,0000,1
137,2,0,0,0,0,0,0,0,0,0,0,0,0,0,0,0,0,0001,0000,1
137,3,0,0,0,0,0,0,0,0,0,0,0,0,0,0,0,0,0001,0000,1
138,0,0,0,0,0,0,0,0,0,0,0,0,0,0,0,0,0,0100,0000,1
138,1,0,0,0,0,0,0,0,0,0,0,0,0,0,0,0,0,0010,0000,1
138,2,0,0,0,0,0,0,0,0,0,0,0,0,0,0,0,0,0001,0000,1
138,3,0,0,0,0,0,0,0,0,0,0,0,0,0,0,0,0,0001,0000,1
139,0,0,0,0,0,0,0,0,0,0,0,0,0,0,0,0,0,0100,0100,1
139,1,0,0,0,0,0,0,0,0,0,0,0,0,0,0,0,0,0010,0000,1
139,2,0,0,0,0,0,0,0,0,0,0,0,0,0,0,0,0,0001,0000,1
139,3,0,0,0,0,0,0,0,0,0,0,0,0,0,0,0,0,0001,0000,1
140,0,0,0,0,0,0,0,0,0,0,0,0,0,0,0,1,0,0100,0000,1
140,1,0,0,0,0,0,0,0,0,0,0,0,0,0,0,0,0,0010,0000,1
140,2,0,0,0,0,0,0,0,0,0,0,0,0,0,0,0,0,0001,0000,1
140,3,0,0,0,0,0,0,0,0,0,0,0,0,0,0,0,0,0001,0000,1
141,0,0,0,0,0,0,0,0,0,0,0,0,0,0,0,0,0,0000,0000,1
141,1,0,0,0,0,0,0,0,0,0,0,0,0,0,0,0,0,0010,0000,1
141,2,0,0,0,0,0,0,0,0,0,0,0,0,0,0,0,0,0001,0000,1
141,3,0,0,0,0,0,0,0,0,0,0,0,0,0,0,0,0,0001,0000,1
142,0,0,0,1,0,0,0,0,0,0,0,0,0,0,0,0,0,0000,0000,1
142,1,0,0,0,0,0,0,0,0,0,0,0,0,0,0,0,0,0010,0000,1
142,2,0,0,0,0,0,0,0,0,0,0,0,0,0,0,0,0,0001,0000,1
142,3,0,0,0,0,0,0,0,0,0,0,0,0,0,0,0,0,0001,0000,1
143,0,0,0,0,0,0,0,0,0,0,0,0,0,0,0,0,0,0000,0000,1
143,1,0,0,0,0,0,0,0,0,0,0,0,0,0,0,0,0,0010,0000,1
143,2,0,0,0,0,0,0,0,0,0,0,0,0,0,0,0,0,0001,0000,1
143,3,0,0,0,0,0,0,0,0,0,0,0,0,0,0,0,0,0001,0000,1
144,0,0,0,0,0,0,0,0,0,0,0,0,0,0,0,0,0,0000,0000,1
144,1,0,0,0,0,0,0,0,0,0,0,0,0,0,0,0,0,0010,0000,1
144,2,0,0,0,0,0,0,0,0,0,0,0,0,0,0,0,0,0001,0000,1
144,3,0,0,0,0,0,0,0,0,0,0,0,0,0,0,0,0,0001,0000,1
145,0,0,0,0,0,0,0,0,0,0,0,0,0,0,0,0,0,0000,0000,1
145,1,0,0,0,0,0,0,0,0,0,0,0,0,0,0,0,0,0010,0000,1
145,2,0,0,0,0,0,0,0,0,0,0,0,0,0,0,0,0,0001,0000,1
145,3,0,0,0,0,0,0,0,0,0,0,0,0,0,0,0,0,0001,0000,1
146,0,0,0,0,0,0,0,0,0,0,0,0,0,0,0,0,0,0000,0000,1
146,1,0,0,0,0,0,0,0,1,0,0,0,0,0,0,0,0,0010,0000,1
146,2,0,0,0,0,0,0,0,0,0,0,0,0,0,0,0,0,0001,0000,1
146,3,0,0,0,0,0,0,0,0,0,0,0,0,0,0,0,0,0001,0000,0
147,0,0,0,0,0,0,0,0,0,0,0,0,0,0,0,0,0,0000,0000,1
147,1,0,0,0,0,0,0,0,0,0,0,0,0,0,0,0,0,0010,0000,1
147,2,0,0,0,0,0,0,0,0,0,0,0,0,0,0,0,0,0001,0001,1
147,3,0,0,0,0,0,0,0,0,0,0,0,0,0,0,0,0,0001,0000,0
148,0,0,0,0,0,0,0,0,0,0,0,0,0,0,0,0,0,0000,0000,1
148,1,0,0,0,0,0,0,0,0,0,0,0,1,0,0,0,0,0010,0000,1
148,2,0,0,0,0,0,0,0,0,0,0,0,0,1,0,0,0,0001,0000,1
148,3,0,0,0,0,0,0,0,0,0,0,0,0,0,0,0,0,0001,0000,0
149,0,0,0,0,0,0,0,0,0,0,0,0,0,0,0,0,0,0000,0000,1
149,1,0,0,0,0,0,0,0,0,0,0,0,0,0,0,0,0,0010,0000,1
149,2,0,0,0,0,0,0,0,0,0,0,0,0,0,0,0,0,0000,0000,1
149,3,0,0,0,0,0,0,0,0,0,0,0,0,0,0,0,0,0001,0000,0
150,0,0,0,0,0,0,0,0,0,0,0,0,0,0,0,0,0,0000,0000,1
150,1,0,0,0,0,0,0,0,0,0,0,0,0,0,0,0,0,0010,0000,1
150,2,1,0,0,0,0,0,0,0,0,0,0,0,0,0,0,0,0001,0000,1
150,3,0,0,0,0,0,0,0,0,0,0,0,0,0,0,0,0,0001,0000,0
151,0,0,0,0,0,0,0,0,0,0,0,0,0,0,0,0,0,0000,0000,1
151,1,0,0,0,0,0,0,0,0,0,0,0,0,0,0,0,0,0010,0000,1
151,2,0,0,0,0,0,0,0,0,0,0,0,0,0,0,0,0,0100,0000,1
151,3,0,0,0,0,0,0,0,0,0,0,0,0,0,0,0,0,0001,0000,0
152,0,0,0,0,0,0,0,0,0,0,0,0,0,0,0,0,0,0000,0000,1
152,1,0,0,0,0,0,0,0,0,0,0,0,0,0,0,0,0,0010,0000,1
152,2,0,0,0,0,0,0,0,0,0,0,0,0,0,0,0,0,0100,0100,1
152,3,0,0,0,0,0,0,0,0,0,0,0,0,0,0,0,0,0001,0000,0
153,0,0,0,0,0,0,0,0,0,0,0,0,0,0,0,0,0,0000,0000,1
153,1,0,0,0,0,0,0,0,0,0,0,0,0,0,0,0,0,0010,0000,1
153,2,0,0,0,0,0,0,0,0,0,0,0,0,0,0,1,0,0100,0000,1
153,3,0,0,0,0,0,0,0,0,0,0,0,0,0,0,0,0,0001,0000,0
154,0,0,0,0,0,0,1,0,0,0,0,0,0,0,0,0,0,0000,0000,1
154,1,0,0,0,0,0,0,0,0,0,0,0,0,0,0,0,0,0010,0000,1
154,2,0,0,0,0,0,0,0,0,0,0,0,0,0,0,0,0,0000,0000,1
154,3,0,0,0,0,0,0,0,0,0,0,0,0,0,0,0,0,0001,0000,0
155,0,0,0,0,0,0,0,0,0,0,0,0,0,0,0,0,0,0000,0000,1
155,1,0,0,0,0,0,0,0,0,0,0,0,0,0,0,0,0,0010,0000,1
155,2,0,0,1,0,0,0,0,0,0,0,0,0,0,0,0,0,0000,0000,1
155,3,0,0,0,0,0,0,0,0,0,0,0,0,0,0,0,0,0001,0000,0
156,0,0,0,0,0,0,0,0,0,0,1,0,0,0,0,0,0,0000,0000,1
156,1,0,0,0,0,0,0,0,0,0,0,0,0,0,0,0,0,0010,0000,1
156,2,0,0,0,0,0,0,0,0,0,0,0,0,0,0,0,0,0000,0000,1
156,3,0,0,0,0,0,0,0,0,0,0,0,0,0,0,0,0,0001,0000,0
157,0,0,0,0,0,0,0,0,0,0,0,0,0,0,0,0,0,0000,0000,1
157,1,0,0,0,0,0,0,0,0,0,0,0,0,0,0,0,0,0010,0000,1
157,2,0,0,0,0,0,0,0,0,0,0,0,0,0,0,0,0,0000,0000,1
157,3,0,0,0,0,0,0,0,0,0,0,0,0,0,0,0,0,0001,0000,0
158,0,0,0,0,0,0,0,0,0,0,0,0,0,0,0,0,0,0000,0000,1
158,1,0,0,0,0,0,0,0,0,0,0,0,0,0,0,0,0,0010,0000,1
158,2,0,0,0,0,0,0,0,0,0,0,0,0,0,0,0,0,0000,0000,1
158,3,0,0,0,0,0,0,0,0,0,0,0,0,0,0,0,0,0001,0000,0
159,0,0,0,0,0,0,0,0,0,0,0,0,0,0,0,0,0,0100,0000,1
159,1,0,0,0,0,0,0,0,0,0,0,0,0,0,0,0,0,0010,0000,1
159,2,0,0,0,0,0,0,0,0,0,0,0,0,0,0,0,0,0000,0000,1
159,3,0,0,0,0,0,0,0,1,0,0,0,0,0,0,0,0,0001,0000,0
160,0,0,0,0,0,0,0,0,0,0,0,0,0,0,0,0,0,0000,0100,1
160,1,0,0,0,0,0,0,0,0,0,0,0,0,0,0,0,0,0010,0000,1
160,2,0,0,0,0,0,0,0,0,0,0,0,0,0,0,0,0,0000,0000,1
160,3,0,0,0,0,0,0,0,0,0,0,0,0,0,0,0,0,0001,0001,0
161,0,0,0,0,0,0,0,0,0,0,0,0,0,0,0,1,0,0100,0000,1
161,1,0,0,0,0,0,0,0,0,0,0,0,0,0,0,0,0,0010,0000,1
161,2,0,0,0,0,0,0,0,0,0,0,0,0,0,0,0,0,0000,0000,1
161,3,0,0,0,0,0,0,0,0,0,0,0,1,1,0,0,0,0001,0000,0
162,0,0,0,0,0,0,0,0,0,0,0,0,0,0,0,0,0,0000,0100,1
162,1,0,0,0,0,0,0,0,0,0,0,0,0,0,0,0,0,0010,0000,1
162,2,0,0,0,0,0,0,0,0,0,0,0,0,0,0,0,0,0000,0000,1
162,3,0,0,0,0,0,0,0,0,0,0,0,0,0,0,0,0,0000,0000,1
163,0,0,0,1,0,0,0,0,0,0,0,0,0,0,0,0,0,0000,0000,1
163,1,0,0,0,0,0,0,0,0,0,0,0,0,0,0,0,0,0010,0000,1
163,2,0,0,0,0,0,0,0,0,0,0,0,0,0,0,0,0,0000,0000,1
163,3,1,0,0,0,0,0,0,0,0,0,0,0,0,0,0,0,0001,0000,1
164,0,0,0,0,0,0,0,0,0,0,0,0,0,0,0,0,0,0000,0000,1
164,1,0,0,0,0,0,0,0,0,0,0,0,0,0,0,0,0,0010,0000,1
164,2,0,0,0,0,0,0,0,0,0,0,0,0,0,0,0,0,0000,0000,1
164,3,0,0,0,0,0,0,0,0,0,0,0,0,0,0,0,0,1000,0000,1
165,0,0,0,0,0,0,0,0,0,0,0,0,0,0,0,0,0,0000,0000,1
165,1,0,0,0,0,0,0,0,0,0,0,0,0,0,0,0,0,0010,0000,1
165,2,0,0,0,0,0,0,0,0,0,0,0,0,0,0,0,0,0000,0000,1
165,3,0,0,0,0,0,0,0,0,0,0,0,0,0,0,0,0,1000,1000,1
166,0,0,0,0,0,0,0,0,0,0,0,0,0,0,0,0,0,0000,0000,1
166,1,0,0,0,0,0,0,0,0,0,0,0,0,0,0,0,0,0010,0000,1
166,2,0,0,0,0,0,0,0,0,0,0,0,0,0,0,0,0,0000,0000,1
166,3,0,0,0,0,0,0,0,0,0,0,0,0,0,0,0,1,1000,0000,1
167,0,0,0,0,0,0,0,0,0,0,0,0,0,0,0,0,0,0000,0000,1
167,1,0,0,0,0,0,1,0,1,0,0,0,0,0,0,0,0,0010,0000,1
167,2,0,0,0,0,0,0,0,0,0,0,0,0,0,0,0,0,0000,0000,1
167,3,0,0,0,0,0,0,0,0,0,0,0,0,0,0,0,0,0000,0000,1
168,0,0,0,0,0,0,0,0,0,0,0,0,0,0,0,0,0,0000,0000,1
168,1,0,0,0,0,0,0,0,0,0,0,0,0,0,0,0,0,0010,0000,1
168,2,0,0,0,0,0,0,0,0,0,0,0,0,0,0,0,0,0000,0000,1
168,3,0,0,0,1,0,0,0,0,0,0,0,0,0,0,0,0,1000,0000,1
169,0,0,0,0,0,0,0,0,0,0,0,0,0,0,0,0,0,0000,0000,1
169,1,0,0,0,0,0,0,0,0,0,1,0,1,0,0,0,0,0010,0000,1
169,2,0,0,0,0,0,0,0,0,0,0,0,0,0,0,0,0,0000,0000,1
169,3,0,0,0,0,0,0,0,0,0,0,0,0,0,0,0,0,1000,0000,1
170,0,0,0,0,0,0,0,0,0,0,0,0,0,0,0,0,0,0000,0000,1
170,1,0,0,0,0,0,0,0,0,0,0,0,0,0,0,0,0,0010,0000,1
170,2,0,0,0,0,0,0,0,0,0,0,0,0,0,0,0,0,0000,0000,1
170,3,0,0,0,0,0,0,0,0,0,0,0,0,0,0,0,0,1000,0000,1
171,0,0,0,0,0,0,0,0,0,0,0,0,0,0,0,0,0,0000,0000,1
171,1,0,0,0,0,0,0,0,0,0,0,0,0,0,0,0,0,0010,0000,1
171,2,0,0,0,0,0,0,0,0,0,0,0,0,0,0,0,0,0000,0000,1
171,3,0,0,0,0,0,0,0,0,0,0,0,0,0,0,0,0,1000,0000,1
172,0,0,0,0,0,0,0,0,0,0,0,0,0,0,0,0,0,0000,0000,1
172,1,0,0,0,0,0,0,0,0,0,0,0,0,0,0,0,0,0010,0000,1
172,2,0,0,0,0,0,0,1,0,0,0,0,0,0,0,0,0,0000,0000,1
172,3,0,0,0,0,0,0,0,0,0,0,0,0,0,0,0,0,1000,0000,1
173,0,0,0,0,0,0,0,0,0,0,0,0,0,0,0,0,0,0000,0000,1
173,1,0,0,0,0,0,0,0,0,0,0,0,0,0,0,0,0,0010,0010,1
173,2,0,0,0,0,0,0,0,0,0,0,0,0,0,0,0,0,0000,0000,1
173,3,0,0,0,0,0,0,0,0,0,0,0,0,0,0,0,0,1000,0000,1
174,0,0,0,0,0,0,0,0,0,0,0,0,0,0,0,0,0,0000,0000,1
174,1,0,0,0,0,0,0,0,0,0,0,0,0,0,1,0,0,0010,0000,1
174,2,0,0,0,0,0,0,0,0,0,0,1,0,0,0,0,0,0000,0000,1
174,3,0,0,0,0,0,0,0,0,0,0,0,0,0,0,0,0,1000,0000,1
175,0,0,0,0,0,0,0,0,0,0,0,0,0,0,0,0,0,0000,0000,1
175,1,0,0,0,0,0,0,0,0,0,0,0,0,0,0,0,0,0000,0000,1
175,2,0,0,0,0,0,0,0,0,0,0,0,0,0,0,0,0,0000,0000,1
175,3,0,0,0,0,0,0,0,0,0,0,0,0,0,0,0,0,1000,0000,1
176,0,0,0,0,0,0,0,0,0,0,0,0,0,0,0,0,0,0000,0000,1
176,1,0,1,0,0,0,0,0,0,0,0,0,0,0,0,0,0,0010,0000,1
176,2,0,0,0,0,0,0,0,0,0,0,0,0,0,0,0,0,0000,0000,1
176,3,0,0,0,0,0,0,0,0,0,0,0,0,0,0,0,0,1000,0000,1
177,0,0,0,0,0,0,0,0,0,0,0,0,0,0,0,0,0,0000,0000,1
177,1,0,0,0,0,0,0,0,0,0,0,0,0,0,0,0,0,1000,0000,1
177,2,0,0,0,0,0,0,0,0,0,0,0,0,0,0,0,0,0100,0000,1
177,3,0,0,0,0,0,0,0,0,0,0,0,0,0,0,0,0,1000,0000,1
178,0,0,0,0,0,0,0,0,0,0,0,0,0,0,0,0,0,0000,0000,1
178,1,0,0,0,0,0,0,0,0,0,0,0,0,0,0,0,0,1000,1000,1
178,2,0,0,0,0,0,0,0,0,0,0,0,0,0,0,0,0,0001,0000,1
178,3,0,0,0,0,0,0,0,0,0,0,0,0,0,0,0,0,1000,0000,1
179,0,0,0,0,0,0,0,0,0,0,0,0,0,0,0,0,0,0100,0000,1
179,1,0,0,0,0,0,0,0,0,0,0,0,0,0,0,0,1,1000,0000,1
179,2,0,0,0,0,0,0,0,0,0,0,0,0,0,0,0,0,0001,0001,1
179,3,0,0,0,0,0,0,0,0,0,0,0,0,0,0,0,0,1000,0000,1
180,0,0,0,0,0,0,0,0,0,0,0,0,0,0,0,0,0,0100,0000,1
180,1,0,0,0,0,0,0,0,0,0,0,0,0,0,0,0,0,0000,0000,1
180,2,0,0,0,0,0,0,0,0,0,0,0,0,1,0,0,0,0001,0000,1
180,3,0,0,0,0,1,0,0,0,0,0,0,0,0,0,0,0,1000,0000,1
181,0,0,0,0,0,0,0,0,0,0,0,0,0,0,0,0,0,0100,0000,1
181,1,0,0,0,1,0,0,0,0,0,0,0,0,0,0,0,0,1000,0000,1
181,2,0,0,0,0,0,0,0,0,0,0,0,0,0,0,0,0,0000,0000,1
181,3,0,0,0,0,0,0,0,0,0,0,0,0,0,0,0,0,1000,0000,1
182,0,0,0,0,0,0,0,0,0,0,0,0,0,0,0,0,0,0100,0000,1
182,1,0,0,0,0,0,0,0,0,0,0,0,0,0,0,0,0,0000,0000,1
182,2,1,0,0,0,0,0,0,0,0,0,0,0,0,0,0,0,0000,0000,1
182,3,0,0,0,0,0,0,0,0,1,0,0,0,0,0,0,0,1000,0000,1
183,0,0,0,0,0,0,0,0,0,0,0,0,0,0,0,0,0,0100,0000,1
183,1,0,0,0,0,0,0,0,0,0,0,0,0,0,0,0,0,1000,0000,1
183,2,0,0,0,0,0,0,0,0,0,0,0,0,0,0,0,0,0000,0000,1
183,3,0,0,0,0,0,0,0,0,0,0,0,0,0,0,0,0,1000,0000,1
184,0,0,0,0,0,0,0,0,0,0,0,0,0,0,0,0,0,0100,0000,1
184,1,0,0,0,0,0,0,0,0,0,0,0,0,0,0,0,0,0000,0000,1
184,2,0,0,0,0,0,0,0,0,0,0,0,0,0,0,0,0,0000,0000,1
184,3,0,0,0,0,0,0,0,0,0,0,0,0,0,0,0,0,1000,0000,1
185,0,0,0,0,0,0,0,1,0,0,0,0,0,0,0,0,0,0100,0000,1
185,1,0,0,0,0,0,0,0,0,0,0,0,0,0,0,0,0,1000,0000,1
185,2,0,0,0,0,0,0,0,0,0,0,0,0,0,0,0,0,0000,0000,1
185,3,0,0,0,0,0,0,0,0,0,0,0,0,0,0,0,0,1000,0000,1
186,0,0,0,0,0,0,1,0,0,0,0,0,0,0,0,0,0,0100,0000,1
186,1,0,0,0,0,0,0,0,0,0,0,0,0,0,0,0,0,0000,1000,1
186,2,0,0,0,0,0,0,0,0,0,0,0,0,0,0,0,0,0000,0000,1
186,3,0,0,0,0,0,0,0,0,0,0,0,0,0,0,0,0,1000,0000,1
187,0,0,0,0,0,0,0,0,0,0,0,1,0,0,0,0,0,0100,0100,1
187,1,0,0,0,0,0,0,0,0,0,0,0,0,0,0,0,0,0000,0000,1
187,2,0,0,0,0,0,0,0,0,0,0,0,0,0,0,0,0,0000,0000,1
187,3,0,0,0,0,0,0,0,0,0,0,0,0,0,0,0,0,1000,1000,1
188,0,0,0,0,0,0,0,0,0,0,1,0,0,0,0,1,0,0100,0000,1
188,1,0,0,0,0,0,0,0,0,0,0,0,0,0,0,0,0,0000,0000,1
188,2,0,0,0,0,0,0,0,0,0,0,0,0,0,0,0,0,0000,0000,1
188,3,0,0,0,0,0,0,0,0,0,0,0,0,0,0,0,1,1000,0000,1
189,0,0,0,0,0,0,0,0,0,0,0,0,0,0,0,0,0,0000,0000,1
189,1,0,0,0,0,0,0,0,0,0,0,0,0,0,0,0,0,0000,0000,1
189,2,0,0,0,0,0,0,0,0,0,0,0,0,0,0,0,0,0000,0000,1
189,3,0,0,0,0,0,0,0,0,0,0,0,0,0,0,0,0,0000,0000,1
190,0,0,0,1,0,0,0,0,0,0,0,0,0,0,0,0,0,0100,0000,1
190,1,0,0,0,0,0,0,0,0,0,0,0,0,0,0,0,0,0000,0000,1
190,2,0,0,0,0,0,0,0,0,0,0,0,0,0,0,0,0,0000,0000,1
190,3,0,0,0,1,0,0,0,0,0,0,0,0,0,0,0,0,1000,0000,1
191,0,0,0,0,0,0,0,0,0,0,0,0,0,0,0,0,0,0000,0000,1
191,1,0,0,0,0,0,0,0,0,0,0,0,0,0,0,0,0,0000,0000,1
191,2,0,0,0,0,0,0,0,0,0,0,0,0,0,0,0,0,0000,0000,1
191,3,0,0,0,0,0,0,0,0,0,0,0,0,0,0,0,0,0000,0000,1
192,0,0,0,0,0,0,0,0,0,0,0,0,0,0,0,0,0,0100,0000,1
192,1,0,0,0,0,0,0,0,0,0,0,0,0,0,0,0,0,0000,0000,1
192,2,0,0,0,0,0,0,0,0,0,0,0,0,0,0,0,0,0000,0000,1
192,3,0,0,0,0,0,0,0,0,0,0,0,0,0,0,0,0,1000,0000,1
193,0,0,0,0,0,0,0,0,0,0,0,0,0,0,0,0,0,0000,0000,1
193,1,0,0,0,0,0,0,0,0,0,0,0,0,0,0,0,0,0000,0000,1
193,2,0,0,0,0,0,0,0,0,0,0,0,0,0,0,0,0,0000,0000,1
193,3,0,0,0,0,0,0,0,0,0,0,0,0,0,0,0,0,0000,0000,1
194,0,0,0,0,0,0,0,0,0,0,0,0,0,0,0,0,0,0000,0000,1
194,1,0,0,0,0,0,0,0,1,0,0,0,0,0,0,0,0,0000,0000,1
194,2,0,0,0,0,0,0,1,0,0,0,0,0,0,0,0,0,0000,0000,1
194,3,0,0,0,0,0,0,0,0,0,0,0,0,0,0,0,0,1000,0000,1
195,0,0,0,0,0,0,0,0,0,0,0,0,0,0,0,0,0,0000,0000,1
195,1,0,0,0,0,0,0,0,0,0,0,0,0,0,0,0,0,0000,0000,1
195,2,0,0,0,0,0,0,0,0,0,0,0,0,0,0,0,0,0001,0000,1
195,3,0,0,0,0,0,0,0,0,0,0,0,0,0,0,0,0,0001,0000,1
196,0,0,0,0,0,0,0,0,0,0,0,0,0,0,0,0,0,0000,0000,1
196,1,0,0,0,0,0,0,0,0,0,0,0,1,0,0,0,0,0000,0000,1
196,2,0,0,0,0,0,0,0,0,0,0,1,0,0,0,0,0,0100,0001,1
196,3,0,0,0,0,0,0,0,0,0,0,0,0,0,0,0,0,0001,0001,1
197,0,0,0,0,0,0,0,0,0,0,0,0,0,0,0,0,0,0000,0000,1
197,1,0,0,0,0,0,0,0,0,0,0,0,0,0,0,0,0,1000,0000,1
197,2,0,0,0,0,0,0,0,0,0,0,0,0,0,0,0,0,0100,0000,1
197,3,0,0,0,0,0,0,0,0,0,0,0,0,1,0,0,0,0001,0000,1
198,0,0,0,0,0,0,0,0,0,0,0,0,0,0,0,0,0,0000,0000,1
198,1,0,0,0,0,0,0,0,0,0,0,0,0,0,0,0,0,0010,1000,1
198,2,0,0,0,0,0,0,0,0,0,0,0,0,0,0,0,0,0100,0000,1
198,3,0,0,0,0,0,0,0,0,0,0,0,0,0,0,0,0,0000,0000,1
199,0,0,0,0,0,0,0,0,0,0,0,0,0,0,0,0,0,0000,0000,1
199,1,0,0,0,0,0,0,0,0,0,0,0,0,0,0,0,0,0010,0000,1
199,2,0,0,0,0,0,0,0,0,0,0,0,0,0,0,0,0,0100,0000,1
199,3,1,0,0,0,0,0,0,0,0,0,0,0,0,0,0,0,0000,0000,1
200,0,0,0,0,0,0,0,0,0,0,0,0,0,0,0,0,0,0100,0000,1
200,1,0,0,0,0,0,0,0,0,0,0,0,0,0,0,0,0,0010,0000,1
200,2,0,0,0,0,0,0,0,0,0,0,0,0,0,0,0,0,0100,0000,1
200,3,0,0,0,0,0,0,0,0,0,0,0,0,0,0,0,0,0000,0000,1
201,0,0,0,0,0,0,0,0,0,0,0,0,0,0,0,0,0,0100,0100,1
201,1,0,0,0,0,0,0,0,0,0,0,0,0,0,0,0,0,0010,0000,1
201,2,0,0,0,0,0,0,0,0,0,0,0,0,0,0,0,0,0100,0000,1
201,3,0,0,0,0,0,0,0,0,0,0,0,0,0,0,0,0,0000,0000,1
202,0,0,0,0,0,0,0,0,0,0,0,0,0,0,0,1,0,0100,0000,1
202,1,0,0,0,0,0,0,0,0,0,0,0,0,0,0,0,0,0010,0000,1
202,2,0,0,0,0,0,0,0,0,0,0,0,0,0,0,0,0,0100,0000,1
202,3,0,0,0,0,0,0,0,0,0,0,0,0,0,0,0,0,0000,0000,1
203,0,0,0,0,0,0,0,0,0,0,0,0,0,0,0,0,0,0000,0000,1
203,1,0,0,0,0,0,1,0,0,0,0,0,0,0,0,0,0,0010,0000,1
203,2,0,0,0,0,0,0,0,0,0,0,0,0,0,0,0,0,0100,0000,1
203,3,0,0,0,0,0,0,0,0,0,0,0,0,0,0,0,0,0000,0000,1
204,0,0,0,1,0,0,0,0,0,0,0,0,0,0,0,0,0,0000,0000,1
204,1,0,0,0,0,0,0,0,0,0,0,0,0,0,0,0,0,0010,0000,1
204,2,0,0,0,0,0,0,0,0,0,0,0,0,0,0,0,0,0100,0000,1
204,3,0,0,0,0,0,0,0,0,0,0,0,0,0,0,0,0,0000,0000,1
205,0,0,0,0,0,0,0,0,0,0,0,0,0,0,0,0,0,0000,0000,1
205,1,0,0,0,0,0,0,0,0,0,1,0,0,0,0,0,0,0010,0000,1
205,2,0,0,0,0,0,0,0,0,0,0,0,0,0,0,0,0,0100,0000,1
205,3,0,0,0,0,0,0,0,0,0,0,0,0,0,0,0,0,0000,0000,1
206,0,0,0,0,0,0,0,0,0,0,0,0,0,0,0,0,0,0000,0000,1
206,1,0,0,0,0,0,0,0,0,0,0,0,0,0,0,0,0,0010,0000,1
206,2,0,0,0,0,0,0,0,0,0,0,0,0,0,0,0,0,0100,0000,1
206,3,0,0,0,0,0,0,0,0,0,0,0,0,0,0,0,0,0000,0000,1
207,0,0,0,0,0,0,0,0,0,0,0,0,0,0,0,0,0,0000,0000,1
207,1,0,0,0,0,0,0,0,0,0,0,0,0,0,0,0,0,0010,0000,1
207,2,0,0,0,0,0,0,0,0,0,0,0,0,0,0,0,0,0100,0000,1
207,3,0,0,0,0,0,0,0,0,0,0,0,0,0,0,0,0,0000,0000,1
208,0,0,0,0,0,0,0,0,0,0,0,0,0,0,0,0,0,0000,0000,1
208,1,0,0,0,0,0,0,0,1,0,0,0,0,0,0,0,0,0010,0000,1
208,2,0,0,0,0,0,0,0,0,0,0,0,0,0,0,0,0,0100,0000,1
208,3,0,0,0,0,0,0,0,0,0,0,0,0,0,0,0,0,0000,0000,1
209,0,0,0,0,0,0,0,0,0,0,0,0,0,0,0,0,0,0000,0000,1
209,1,0,0,0,0,0,0,0,0,0,0,0,0,0,0,0,0,0010,0000,1
209,2,0,0,0,0,0,0,0,0,0,0,0,0,0,0,0,0,0100,0000,1
209,3,0,0,0,0,0,0,0,0,0,0,0,0,0,0,0,0,0000,0000,1
210,0,0,0,0,0,0,0,0,0,0,0,0,0,0,0,0,0,0000,0000,1
210,1,0,0,0,0,0,0,0,0,0,0,0,1,0,0,0,0,0010,0000,1
210,2,0,0,0,0,0,0,0,0,0,0,0,0,0,0,0,0,0100,0000,1
210,3,0,0,0,0,0,0,0,0,0,0,0,0,0,0,0,0,0000,0000,1
211,0,0,0,0,0,0,0,0,0,0,0,0,0,0,0,0,0,0000,0000,1
211,1,0,0,0,0,0,0,0,0,0,0,0,0,0,0,0,0,0010,0000,1
211,2,0,0,0,0,0,0,0,0,0,0,0,0,0,0,0,0,0100,0000,1
211,3,0,0,0,0,0,0,0,0,0,0,0,0,0,0,0,0,0000,0000,1
212,0,0,0,0,0,0,0,0,0,0,0,0,0,0,0,0,0,0000,0000,1
212,1,0,0,0,0,0,0,0,0,0,0,0,0,0,0,0,0,0010,0000,1
212,2,0,0,0,0,0,0,0,0,0,0,0,0,0,0,0,0,0100,0000,1
212,3,0,0,0,0,0,0,0,0,0,0,0,0,0,0,0,0,0000,0000,1
213,0,0,0,0,0,0,0,0,0,0,0,0,0,0,0,0,0,0000,0000,1
213,1,0,0,0,0,0,0,0,0,0,0,0,0,0,0,0,0,0010,0000,1
213,2,0,0,0,0,0,0,0,0,0,0,0,0,0,0,0,0,0100,0000,1
213,3,0,0,0,0,0,0,0,0,0,0,0,0,0,0,0,0,0000,0000,1
214,0,0,0,0,0,0,0,0,0,0,0,0,0,0,0,0,0,0000,0000,1
214,1,0,0,0,0,0,0,0,0,0,0,0,0,0,0,0,0,0010,0000,1
214,2,0,0,0,0,0,0,0,0,0,0,0,0,0,0,0,0,0100,0000,1
214,3,0,0,0,0,0,0,0,0,0,0,0,0,0,0,0,0,0000,0000,1
215,0,0,0,0,0,0,0,0,0,0,0,0,0,0,0,0,0,0000,0000,1
215,1,0,0,0,0,0,0,0,0,0,0,0,0,0,0,0,0,0010,0000,1
215,2,0,0,0,0,0,0,0,0,0,0,0,0,0,0,0,0,0100,0000,1
215,3,0,0,0,0,0,0,0,0,0,0,0,0,0,0,0,0,0000,0000,1
216,0,0,0,0,0,0,0,0,0,0,0,0,0,0,0,0,0,0000,0000,1
216,1,0,0,0,0,0,0,0,0,0,0,0,0,0,0,0,0,0010,0000,1
216,2,0,0,0,0,0,0,0,0,0,0,0,0,0,0,0,0,0100,0000,1
216,3,0,0,0,0,0,0,0,0,0,0,0,0,0,0,0,0,0001,0000,1
217,0,0,0,0,0,0,0,0,0,0,0,0,0,0,0,0,0,0000,0000,1
217,1,0,0,0,0,0,0,0,0,0,0,0,0,0,0,0,0,0010,0000,1
217,2,0,0,0,0,0,0,0,0,0,0,0,0,0,0,0,0,0100,0000,1
217,3,0,0,0,0,0,0,0,0,0,0,0,0,0,0,0,0,1000,0000,1
218,0,0,0,0,0,0,0,0,0,0,0,0,0,0,0,0,0,0000,0000,1
218,1,0,0,0,0,0,0,0,0,0,0,0,0,0,0,0,0,0010,0000,1
218,2,0,0,0,0,0,0,0,0,0,0,0,0,0,0,0,0,0100,0000,1
218,3,0,0,0,0,0,0,0,0,0,0,0,0,0,0,0,0,1000,0000,1
219,0,0,0,0,0,0,0,0,0,0,0,0,0,0,0,0,0,0000,0000,1
219,1,0,0,0,0,0,0,0,0,0,0,0,0,0,0,0,0,0010,0000,1
219,2,0,0,0,0,0,0,0,0,0,0,0,0,0,0,0,0,0100,0000,1
219,3,0,0,0,0,0,0,0,0,0,0,0,0,0,0,0,0,1000,0000,1
220,0,0,0,0,0,0,0,0,0,0,0,0,0,0,0,0,0,0000,0000,1
220,1,0,0,0,0,0,0,0,0,0,0,0,0,0,0,0,0,0010,0000,1
220,2,0,0,0,0,0,0,0,0,0,0,0,0,0,0,0,0,0100,0000,1
220,3,0,0,0,0,0,0,0,0,0,0,0,0,0,0,0,0,1000,0000,1
221,0,0,0,0,0,0,0,0,0,0,0,0,0,0,0,0,0,0000,0000,1
221,1,0,0,0,0,0,0,0,0,0,0,0,0,0,0,0,0,0010,0000,1
221,2,0,0,0,0,0,0,0,0,0,0,0,0,0,0,0,0,0100,0000,1
221,3,0,0,0,0,0,0,0,0,0,0,0,0,0,0,0,0,1000,0000,1
222,0,0,0,0,0,0,0,0,0,0,0,0,0,0,0,0,0,0000,0000,1
222,1,0,0,0,0,0,0,0,0,0,0,0,0,0,0,0,0,0010,0000,1
222,2,0,0,0,0,0,0,0,0,0,0,0,0,0,0,0,0,0100,0000,1
222,3,0,0,0,0,0,0,0,0,0,0,0,0,0,0,0,0,1000,0000,1
223,0,0,0,0,0,0,0,0,0,0,0,0,0,0,0,0,0,0000,0000,1
223,1,0,0,0,0,0,0,0,0,0,0,0,0,0,0,0,0,0010,0000,1
223,2,0,0,0,0,0,0,0,0,0,0,0,0,0,0,0,0,0100,0000,1
223,3,0,0,0,0,0,0,0,0,0,0,0,0,0,0,0,0,1000,0000,1
224,0,0,0,0,0,0,0,0,0,0,0,0,0,0,0,0,0,0000,0000,1
224,1,0,0,0,0,0,0,0,0,0,0,0,0,0,0,0,0,0010,0000,1
224,2,0,0,0,0,0,0,0,0,0,0,0,0,0,0,0,0,0100,0000,1
224,3,0,0,0,0,0,0,0,0,0,0,0,0,0,0,0,0,1000,0000,1
225,0,0,0,0,0,0,0,0,0,0,0,0,0,0,0,0,0,0000,0000,1
225,1,0,0,0,0,0,0,0,0,0,0,0,0,0,0,0,0,0010,0000,1
225,2,0,0,0,0,0,0,0,0,0,0,0,0,0,0,0,0,0100,0000,1
225,3,0,0,0,0,0,0,0,0,0,0,0,0,0,0,0,0,1000,0000,1
226,0,0,0,0,0,0,0,0,0,0,0,0,0,0,0,0,0,0100,0000,1
226,1,0,0,0,0,0,0,0,0,0,0,0,0,0,0,0,0,0010,0000,1
226,2,0,0,0,0,0,0,0,0,0,0,0,0,0,0,0,0,0100,0000,1
226,3,0,0,0,0,0,0,0,0,0,0,0,0,0,0,0,0,1000,0000,1
227,0,0,0,0,0,0,0,0,0,0,0,0,0,0,0,0,0,0100,0100,1
227,1,0,0,0,0,0,0,0,0,0,0,0,0,0,0,0,0,0010,0000,1
227,2,0,0,0,0,0,0,0,0,0,0,0,0,0,0,0,0,0100,0000,1
227,3,0,0,0,0,0,0,0,0,0,0,0,0,0,0,0,0,1000,0000,1
228,0,0,0,0,0,0,0,0,0,0,0,0,0,0,0,1,0,0100,0000,1
228,1,0,0,0,0,0,0,0,0,0,0,0,0,0,0,0,0,0010,0000,1
228,2,0,0,0,0,0,0,0,0,0,0,0,0,0,0,0,0,0100,0000,1
228,3,0,0,0,0,0,0,0,0,0,0,0,0,0,0,0,0,1000,0000,1
229,0,0,0,0,0,0,0,0,0,0,0,0,0,0,0,0,0,0000,0000,1
229,1,0,0,0,0,0,0,0,0,0,0,0,0,0,0,0,0,0010,0000,1
229,2,0,0,0,0,0,0,0,0,0,0,0,0,0,0,0,0,0100,0000,1
229,3,0,0,0,0,0,0,0,0,0,0,0,0,0,0,0,0,1000,0000,1
230,0,0,0,1,0,0,0,0,0,0,0,0,0,0,0,0,0,0000,0000,1
230,1,0,0,0,0,0,0,0,0,0,0,0,0,0,0,0,0,0010,0000,1
230,2,0,0,0,0,0,0,0,0,0,0,0,0,0,0,0,0,0100,0000,1
230,3,0,0,0,0,0,0,0,0,0,0,0,0,0,0,0,0,1000,0000,1
231,0,0,0,0,0,0,0,0,0,0,0,0,0,0,0,0,0,0000,0000,1
231,1,0,0,0,0,0,0,0,0,0,0,0,0,0,0,0,0,0010,0000,1
231,2,0,0,0,0,0,0,0,0,0,0,0,0,0,0,0,0,0100,0000,1
231,3,0,0,0,0,0,0,0,0,0,0,0,0,0,0,0,0,1000,0000,1
232,0,0,0,0,0,0,0,0,0,0,0,0,0,0,0,0,0,0000,0000,1
232,1,0,0,0,0,0,0,0,0,0,0,0,0,0,0,0,0,0010,0000,1
232,2,0,0,0,0,0,0,0,0,0,0,0,0,0,0,0,0,0100,0000,1
232,3,0,0,0,0,0,0,0,0,0,0,0,0,0,0,0,0,1000,0000,1
233,0,0,0,0,0,0,0,0,0,0,0,0,0,0,0,0,0,0000,0000,1
233,1,0,0,0,0,0,0,0,0,0,0,0,0,0,0,0,0,0010,0000,1
233,2,0,0,0,0,0,0,0,0,0,0,0,0,0,0,0,0,0100,0000,1
233,3,0,0,0,0,0,0,0,0,0,0,0,0,0,0,0,0,1000,0000,1
234,0,0,0,0,0,0,0,0,0,0,0,0,0,0,0,0,0,0000,0000,1
234,1,0,0,0,0,0,0,0,1,0,0,0,0,0,0,0,0,0010,0000,1
234,2,0,0,0,0,0,0,0,0,0,0,0,0,0,0,0,0,0100,0000,1
234,3,0,0,0,0,0,0,0,0,0,0,0,0,0,0,0,0,1000,0000,1
235,0,0,0,0,0,0,0,0,0,0,0,0,0,0,0,0,0,0000,0000,1
235,1,0,0,0,0,0,0,0,0,0,0,0,0,0,0,0,0,0010,0000,1
235,2,0,0,0,0,0,0,0,0,0,0,0,0,0,0,0,0,0100,0000,1
235,3,0,0,0,0,0,0,0,0,0,0,0,0,0,0,0,0,1000,0000,1
236,0,0,0,0,0,0,0,0,0,0,0,0,0,0,0,0,0,0000,0000,1
236,1,0,0,0,0,0,0,0,0,0,0,0,1,0,0,0,0,0010,0000,1
236,2,0,0,0,0,0,0,0,0,0,0,0,0,0,0,0,0,0100,0000,1
236,3,0,0,0,0,0,0,0,0,0,0,0,0,0,0,0,0,1000,0000,1
237,0,0,0,0,0,0,0,0,0,0,0,0,0,0,0,0,0,0000,0000,1
237,1,0,0,0,0,0,0,0,0,0,0,0,0,0,0,0,0,0010,0000,1
237,2,0,0,0,0,0,0,0,0,0,0,0,0,0,0,0,0,0100,0000,1
237,3,0,0,0,0,0,0,0,0,0,0,0,0,0,0,0,0,1000,0000,1
238,0,0,0,0,0,0,0,0,0,0,0,0,0,0,0,0,0,0000,0000,1
238,1,0,0,0,0,0,0,0,0,0,0,0,0,0,0,0,0,0010,0000,1
238,2,0,0,0,0,0,0,0,0,0,0,0,0,0,0,0,0,0100,0000,1
238,3,0,0,0,0,0,0,0,0,0,0,0,0,0,0,0,0,1000,0000,1
239,0,0,0,0,0,0,0,0,0,0,0,0,0,0,0,0,0,0000,0000,1
239,1,0,0,0,0,0,0,0,0,0,0,0,0,0,0,0,0,0010,0000,1
239,2,0,0,0,0,0,0,0,0,0,0,0,0,0,0,0,0,0100,0000,1
239,3,0,0,0,0,0,0,0,0,0,0,0,0,0,0,0,0,1000,0000,1
240,0,0,0,0,0,0,0,0,0,0,0,0,0,0,0,0,0,0000,0000,1
240,1,0,0,0,0,0,0,0,0,0,0,0,0,0,0,0,0,0010,0000,1
240,2,0,0,0,0,0,0,0,0,0,0,0,0,0,0,0,0,0100,0000,1
240,3,0,0,0,0,0,0,0,0,0,0,0,0,0,0,0,0,1000,0000,1
241,0,0,0,0,0,0,0,0,0,0,0,0,0,0,0,0,0,0000,0000,1
241,1,0,0,0,0,0,0,0,0,0,0,0,0,0,0,0,0,0010,0000,1
241,2,0,0,0,0,0,0,0,0,0,0,0,0,0,0,0,0,0100,0000,1
241,3,0,0,0,0,0,0,0,0,0,0,0,0,0,0,0,0,1000,0000,1
242,0,0,0,0,0,0,0,0,0,0,0,0,0,0,0,0,0,0000,0000,1
242,1,0,0,0,0,0,0,0,0,0,0,0,0,0,0,0,0,0010,0000,1
242,2,0,0,0,0,0,0,0,0,0,0,0,0,0,0,0,0,0100,0000,1
242,3,0,0,0,0,0,0,0,0,0,0,0,0,0,0,0,0,1000,0000,0
243,0,0,0,0,0,0,0,0,0,0,0,0,0,0,0,0,0,0000,0000,1
243,1,0,0,0,0,0,0,0,0,0,0,0,0,0,0,0,0,0010,0000,1
243,2,0,0,0,0,0,0,0,0,0,0,0,0,0,0,0,0,0100,0000,1
243,3,0,0,0,0,0,0,0,0,0,0,0,0,0,0,0,0,1000,0000,0
244,0,0,0,0,0,0,0,0,0,0,0,0,0,0,0,0,0,0000,0000,1
244,1,0,0,0,0,0,0,0,0,0,0,0,0,0,0,0,0,0010,0000,1
244,2,0,0,0,0,0,0,0,0,0,0,0,0,0,0,0,0,0100,0000,1
244,3,0,0,0,0,0,0,0,0,0,0,0,0,0,0,0,0,1000,0000,0
245,0,0,0,0,0,0,0,0,0,0,0,0,0,0,0,0,0,0000,0000,1
245,1,0,0,0,0,0,0,0,0,0,0,0,0,0,0,0,0,0010,0000,1
245,2,0,0,0,0,0,0,0,0,0,0,0,0,0,0,0,0,0100,0000,1
245,3,0,0,0,0,0,0,0,0,0,0,0,0,0,0,0,0,1000,0000,0
246,0,0,0,0,0,0,0,0,0,0,0,0,0,0,0,0,0,0000,0000,1
246,1,0,0,0,0,0,0,0,0,0,0,0,0,0,0,0,0,0010,0000,1
246,2,0,0,0,0,0,0,0,0,0,0,0,0,0,0,0,0,0100,0000,1
246,3,0,0,0,0,0,0,0,0,0,0,0,0,0,0,0,0,1000,0000,0
247,0,0,0,0,0,0,0,0,0,0,0,0,0,0,0,0,0,0000,0000,1
247,1,0,0,0,0,0,0,0,0,0,0,0,0,0,0,0,0,0010,0000,1
247,2,0,0,0,0,0,0,0,0,0,0,0,0,0,0,0,0,0100,0000,1
247,3,0,0,0,0,0,0,0,0,0,0,0,0,0,0,0,0,1000,0000,0
248,0,0,0,0,0,0,0,0,0,0,0,0,0,0,0,0,0,0000,0000,1
248,1,0,0,0,0,0,0,0,0,0,0,0,0,0,0,0,0,0010,0000,1
248,2,0,0,0,0,0,0,0,0,0,0,0,0,0,0,0,0,0100,0000,1
248,3,0,0,0,0,0,0,0,0,0,0,0,0,0,0,0,0,1000,0000,0
249,0,0,0,0,0,0,0,0,0,0,0,0,0,0,0,0,0,0000,0000,1
249,1,0,0,0,0,0,0,0,0,0,0,0,0,0,0,0,0,0010,0000,1
249,2,0,0,0,0,0,0,0,0,0,0,0,0,0,0,0,0,0100,0000,1
249,3,0,0,0,0,0,0,0,0,0,0,0,0,0,0,0,0,1000,0000,0
250,0,0,0,0,0,0,0,0,0,0,0,0,0,0,0,0,0,0000,0000,1
250,1,0,0,0,0,0,0,0,0,0,0,0,0,0,0,0,0,0010,0000,1
250,2,0,0,0,0,0,0,0,0,0,0,0,0,0,0,0,0,0100,0000,1
250,3,0,0,0,0,0,0,0,0,0,0,0,0,0,0,0,0,1000,0000,0
251,0,0,0,0,0,0,0,0,0,0,0,0,0,0,0,0,0,0100,0000,1
251,1,0,0,0,0,0,0,0,0,0,0,0,0,0,0,0,0,0010,0000,1
251,2,0,0,0,0,0,0,0,0,0,0,0,0,0,0,0,0,0100,0000,1
251,3,0,0,0,0,0,0,0,0,0,0,0,0,0,0,0,0,1000,0000,0
252,0,0,0,0,0,0,0,0,0,0,0,0,0,0,0,0,0,0100,0100,1
252,1,0,0,0,0,0,0,0,0,0,0,0,0,0,0,0,0,0010,0000,1
252,2,0,0,0,0,0,0,0,0,0,0,0,0,0,0,0,0,0100,0000,1
252,3,0,0,0,0,0,0,0,0,0,0,0,0,0,0,0,0,1000,0000,0
253,0,0,0,0,0,0,0,0,0,0,0,0,0,0,0,1,0,0100,0000,1
253,1,0,0,0,0,0,0,0,0,0,0,0,0,0,0,0,0,0010,0000,1
253,2,0,0,0,0,0,0,0,0,0,0,0,0,0,0,0,0,0100,0000,1
253,3,0,0,0,0,0,0,0,0,0,0,0,0,0,0,0,0,1000,0000,0
254,0,0,0,0,0,0,0,0,0,0,0,0,0,0,0,0,0,0000,0000,1
254,1,0,0,0,0,0,0,0,0,0,0,0,0,0,0,0,0,0010,0000,1
254,2,0,0,0,0,0,0,0,0,0,0,0,0,0,0,0,0,0100,0000,1
254,3,0,0,0,0,0,0,0,0,0,0,0,0,0,0,0,0,1000,0000,0
255,0,0,0,1,0,0,0,0,0,0,0,0,0,0,0,0,0,0000,0000,1
255,1,0,0,0,0,0,0,0,0,0,0,0,0,0,0,0,0,0010,0000,1
255,2,0,0,0,0,0,0,0,0,0,0,0,0,0,0,0,0,0100,0000,1
255,3,0,0,0,0,0,0,0,0,0,0,0,0,0,0,0,0,1000,0000,0
256,0,0,0,0,0,0,0,0,0,0,0,0,0,0,0,0,0,0000,0000,1
256,1,0,0,0,0,0,0,0,0,0,0,0,0,0,0,0,0,0010,0000,1
256,2,0,0,0,0,0,0,0,0,0,0,0,0,0,0,0,0,0100,0000,1
256,3,0,0,0,0,0,0,0,0,0,0,0,0,0,0,0,0,1000,0000,0
257,0,0,0,0,0,0,0,0,0,0,0,0,0,0,0,0,0,0000,0000,1
257,1,0,0,0,0,0,0,0,0,0,0,0,0,0,0,0,0,0010,0000,1
257,2,0,0,0,0,0,0,0,0,0,0,0,0,0,0,0,0,0100,0000,1
257,3,0,0,0,0,0,0,0,0,0,0,0,0,0,0,0,0,1000,0000,0
258,0,0,0,0,0,0,0,0,0,0,0,0,0,0,0,0,0,0100,0000,1
258,1,0,0,0,0,0,0,0,0,0,0,0,0,0,0,0,0,0010,0000,1
258,2,0,0,0,0,0,0,0,0,0,0,0,0,0,0,0,0,0100,0000,1
258,3,0,0,0,0,0,0,0,0,0,0,0,0,0,0,0,0,1000,0000,0
259,0,0,0,0,0,0,0,0,0,0,0,0,0,0,0,0,0,0010,0000,1
259,1,0,0,0,0,0,0,0,1,0,0,0,0,0,0,0,0,0010,0000,1
259,2,0,0,0,0,0,0,0,0,0,0,0,0,0,0,0,0,0100,0000,1
259,3,0,0,0,0,0,0,0,0,0,0,0,0,0,0,0,0,1000,0000,0
260,0,0,0,0,0,0,0,0,0,0,0,0,0,0,0,0,0,0010,0010,1
260,1,0,0,0,0,0,0,0,0,0,0,0,0,0,0,0,0,0010,0000,1
260,2,0,0,0,0,0,0,0,0,0,0,0,0,0,0,0,0,0100,0000,1
260,3,0,0,0,0,0,0,0,0,0,0,0,0,0,0,0,0,1000,0000,0
261,0,0,0,0,0,0,0,0,0,0,0,0,0,0,1,0,0,0010,0000,1
261,1,0,0,0,0,0,0,0,0,0,0,0,1,0,0,0,0,0010,0000,1
261,2,0,0,0,0,0,0,0,0,0,0,0,0,0,0,0,0,0100,0000,1
261,3,0,0,0,0,0,0,0,0,0,0,0,0,0,0,0,0,1000,0000,0
262,0,0,0,0,0,0,0,0,0,0,0,0,0,0,0,0,0,0000,0000,1
262,1,0,0,0,0,0,0,0,0,0,0,0,0,0,0,0,0,0010,0000,1
262,2,0,0,0,0,0,0,0,0,0,0,0,0,0,0,0,0,0100,0000,1
262,3,0,0,0,0,0,0,0,0,0,0,0,0,0,0,0,0,1000,0000,0
263,0,0,1,0,0,0,0,0,0,0,0,0,0,0,0,0,0,0000,0000,1
263,1,0,0,0,0,0,0,0,0,0,0,0,0,0,0,0,0,0010,0000,1
263,2,0,0,0,0,0,0,0,0,0,0,0,0,0,0,0,0,0100,0000,1
263,3,0,0,0,0,0,0,0,0,0,0,0,0,0,0,0,0,1000,0000,0
264,0,0,0,0,0,0,0,0,0,0,0,0,0,0,0,0,0,0000,0000,1
264,1,0,0,0,0,0,0,0,0,0,0,0,0,0,0,0,0,0010,0000,1
264,2,0,0,0,0,0,0,0,0,0,0,0,0,0,0,0,0,0100,0000,1
264,3,0,0,0,0,0,0,0,0,0,0,0,0,0,0,0,0,1000,0000,0
265,0,0,0,0,0,0,0,0,0,0,0,0,0,0,0,0,0,0000,0000,1
265,1,0,0,0,0,0,0,0,0,0,0,0,0,0,0,0,0,0010,0000,1
265,2,0,0,0,0,0,0,0,0,0,0,0,0,0,0,0,0,0100,0000,1
265,3,0,0,0,0,0,0,0,0,0,0,0,0,0,0,0,0,1000,0000,0
266,0,0,0,0,0,0,0,0,0,0,0,0,0,0,0,0,0,0000,0000,1
266,1,0,0,0,0,0,0,0,0,0,0,0,0,0,0,0,0,0010,0000,1
266,2,0,0,0,0,0,0,0,0,0,0,0,0,0,0,0,0,0100,0000,1
266,3,0,0,0,0,0,0,0,0,0,0,0,0,0,0,0,0,1000,0000,0
267,0,0,0,0,0,0,0,0,0,0,0,0,0,0,0,0,0,0000,0000,1
267,1,0,0,0,0,0,0,0,0,0,0,0,0,0,0,0,0,0010,0000,1
267,2,0,0,0,0,1,0,0,0,0,0,0,0,0,0,0,0,0100,0000,1
267,3,0,0,0,0,0,0,0,0,0,0,0,0,0,0,0,0,1000,0000,0
268,0,0,0,0,0,0,0,0,0,0,0,0,0,0,0,0,0,0000,0000,1
268,1,0,0,0,0,0,0,0,0,0,0,0,0,0,0,0,0,0010,0000,1
268,2,0,0,0,0,0,0,0,0,0,0,0,0,0,0,0,0,0100,0000,1
268,3,0,0,0,0,0,0,0,0,0,0,0,0,0,0,0,0,1000,1000,0
269,0,0,0,0,0,0,0,0,0,0,0,0,0,0,0,0,0,0000,0000,1
269,1,0,0,0,0,0,0,0,0,0,0,0,0,0,0,0,0,0010,0000,1
269,2,0,0,0,0,0,0,0,0,1,0,0,0,0,0,0,0,0100,0000,1
269,3,0,0,0,0,0,0,0,0,0,0,0,0,0,0,0,1,1000,0000,0
270,0,0,0,0,0,0,0,0,0,0,0,0,0,0,0,0,0,0000,0000,1
270,1,0,0,0,0,0,0,0,0,0,0,0,0,0,0,0,0,0010,0000,1
270,2,0,0,0,0,0,0,0,0,0,0,0,0,0,0,0,0,0100,0000,1
270,3,0,0,0,0,0,0,0,0,0,0,0,0,0,0,0,0,0000,0000,1
271,0,0,0,0,0,0,0,0,0,0,0,0,0,0,0,0,0,0000,0000,1
271,1,0,0,0,0,0,0,0,0,0,0,0,0,0,0,0,0,0010,0000,1
271,2,0,0,0,0,0,0,0,0,0,0,0,0,0,0,0,0,0100,0000,1
271,3,0,0,0,1,0,0,0,0,0,0,0,0,0,0,0,0,1000,0000,1
272,0,0,0,0,0,0,0,0,0,0,0,0,0,0,0,0,0,0000,0000,1
272,1,0,0,0,0,0,0,0,0,0,0,0,0,0,0,0,0,0010,0000,1
272,2,0,0,0,0,0,0,0,0,0,0,0,0,0,0,0,0,0100,0000,1
272,3,0,0,0,0,0,0,0,0,0,0,0,0,0,0,0,0,1000,0000,1
273,0,0,0,0,0,0,0,0,0,0,0,0,0,0,0,0,0,0000,0000,1
273,1,0,0,0,0,0,0,0,0,0,0,0,0,0,0,0,0,0010,0000,1
273,2,0,0,0,0,0,0,0,0,0,0,0,0,0,0,0,0,0100,0000,1
273,3,0,0,0,0,0,0,0,0,0,0,0,0,0,0,0,0,1000,0000,0
274,0,0,0,0,0,0,0,0,0,0,0,0,0,0,0,0,0,0000,0000,1
274,1,0,0,0,0,0,0,0,0,0,0,0,0,0,0,0,0,0010,0000,1
274,2,0,0,0,0,0,0,0,0,0,0,0,0,0,0,0,0,0100,0000,1
274,3,0,0,0,0,0,0,0,0,0,0,0,0,0,0,0,0,1000,0000,0
275,0,0,0,0,0,0,0,0,0,0,0,0,0,0,0,0,0,0000,0000,1
275,1,0,0,0,0,0,0,0,0,0,0,0,0,0,0,0,0,0010,0000,1
275,2,0,0,0,0,0,0,1,0,0,0,0,0,0,0,0,0,0100,0000,1
275,3,0,0,0,0,0,0,0,0,0,0,0,0,0,0,0,0,1000,0000,0
276,0,0,0,0,0,0,0,0,0,0,0,0,0,0,0,0,0,0000,0000,1
276,1,0,0,0,0,0,0,0,0,0,0,0,0,0,0,0,0,0010,0010,1
276,2,0,0,0,0,0,0,0,0,0,0,0,0,0,0,0,0,0100,0000,1
276,3,0,0,0,0,0,0,0,0,0,0,0,0,0,0,0,0,1000,0000,0
277,0,0,0,0,0,0,0,0,0,0,0,0,0,0,0,0,0,0000,0000,1
277,1,0,0,0,0,0,0,0,0,0,0,0,0,0,1,0,0,0010,0000,1
277,2,0,0,0,0,0,0,0,0,0,0,1,0,0,0,0,0,0100,0000,1
277,3,0,0,0,0,0,0,0,0,0,0,0,0,0,0,0,0,1000,0000,0
278,0,0,0,0,0,0,0,0,0,0,0,0,0,0,0,0,0,0000,0000,1
278,1,0,0,0,0,0,0,0,0,0,0,0,0,0,0,0,0,0000,0000,1
278,2,0,0,0,0,0,0,0,0,0,0,0,0,0,0,0,0,0100,0000,1
278,3,0,0,0,0,0,0,0,0,0,0,0,0,0,0,0,0,1000,0000,0
279,0,0,0,0,0,0,0,0,0,0,0,0,0,0,0,0,0,0000,0000,1
279,1,0,1,0,0,0,0,0,0,0,0,0,0,0,0,0,0,0010,0000,1
279,2,0,0,0,0,0,0,0,0,0,0,0,0,0,0,0,0,0100,0000,1
279,3,0,0,0,0,0,0,0,0,0,0,0,0,0,0,0,0,1000,0000,0
280,0,0,0,0,0,0,0,0,0,0,0,0,0,0,0,0,0,0000,0000,1
280,1,0,0,0,0,0,0,0,0,0,0,0,0,0,0,0,0,0010,0000,1
280,2,0,0,0,0,0,0,0,0,0,0,0,0,0,0,0,0,0100,0000,1
280,3,0,0,0,0,0,0,0,0,0,0,0,0,0,0,0,0,1000,0000,0
281,0,0,0,0,0,0,0,0,0,0,0,0,0,0,0,0,0,0010,0000,1
281,1,0,0,0,0,0,0,0,0,0,0,0,0,0,0,0,0,0010,0000,1
281,2,0,0,0,0,0,0,0,0,0,0,0,0,0,0,0,0,0100,0000,1
281,3,0,0,0,0,0,0,0,0,0,0,0,0,0,0,0,0,1000,0000,0
282,0,0,0,0,0,0,0,0,0,0,0,0,0,0,0,0,0,0100,0000,1
282,1,0,0,0,0,0,0,0,0,0,0,0,0,0,0,0,0,0010,0000,1
282,2,0,0,0,0,0,0,0,0,0,0,0,0,0,0,0,0,0100,0000,1
282,3,0,0,0,0,0,0,0,0,0,0,0,0,0,0,0,0,1000,0000,0
283,0,0,0,0,0,0,0,0,0,0,0,0,0,0,0,0,0,0100,0100,1
283,1,0,0,0,0,0,0,0,0,0,0,0,0,0,0,0,0,0010,0000,1
283,2,0,0,0,0,0,0,0,0,0,0,0,0,0,0,0,0,0100,0000,1
283,3,0,0,0,0,1,0,0,0,0,0,0,0,0,0,0,0,1000,0000,0
284,0,0,0,0,0,0,0,0,0,0,0,0,0,0,0,1,0,0100,0000,1
284,1,0,0,0,0,0,0,0,0,0,0,0,0,0,0,0,0,0010,0000,1
284,2,0,0,0,0,0,0,0,0,0,0,0,0,0,0,0,0,0100,0000,0
284,3,0,0,0,0,0,0,0,0,0,0,0,0,0,0,0,0,1000,0000,0
285,0,0,0,0,0,0,0,0,0,0,0,0,0,0,0,0,0,0000,0000,1
285,1,0,0,0,0,0,0,0,0,0,0,0,0,0,0,0,0,0010,0000,1
285,2,0,0,0,0,0,0,0,0,0,0,0,0,0,0,0,0,0100,0000,0
285,3,0,0,0,0,0,0,0,0,1,0,0,0,0,0,0,0,1000,0000,0
286,0,0,0,1,0,0,0,0,0,0,0,0,0,0,0,0,0,0000,0000,1
286,1,0,0,0,0,0,0,0,0,0,0,0,0,0,0,0,0,0010,0000,1
286,2,0,0,0,0,0,0,0,0,0,0,0,0,0,0,0,0,0100,0000,0
286,3,0,0,0,0,0,0,0,0,0,0,0,0,0,0,0,0,1000,0000,0
287,0,0,0,0,0,0,0,0,0,0,0,0,0,0,0,0,0,0000,0000,1
287,1,0,0,0,0,0,0,0,0,0,0,0,0,0,0,0,0,0010,0000,1
287,2,0,0,0,0,0,0,0,0,0,0,0,0,0,0,0,0,0100,0000,0
287,3,0,0,0,0,0,0,0,0,0,0,0,0,0,0,0,0,1000,0000,0
288,0,0,0,0,0,0,0,0,0,0,0,0,0,0,0,0,0,0000,0000,1
288,1,0,0,0,0,0,0,0,0,0,0,0,0,0,0,0,0,0010,0000,1
288,2,0,0,0,0,0,0,0,0,0,0,0,0,0,0,0,0,0100,0000,0
288,3,0,0,0,0,0,0,0,0,0,0,0,0,0,0,0,0,1000,0000,0
289,0,0,0,0,0,0,0,0,0,0,0,0,0,0,0,0,0,0000,0000,1
289,1,0,0,0,0,0,0,0,0,0,0,0,0,0,0,0,0,0010,0000,1
289,2,0,0,0,0,0,0,0,0,0,0,0,0,0,0,0,0,0100,0000,0
289,3,0,0,0,0,0,0,0,0,0,0,0,0,0,0,0,0,1000,0000,0
290,0,0,0,0,0,0,0,0,0,0,0,0,0,0,0,0,0,0000,0000,1
290,1,0,0,0,0,0,0,0,1,0,0,0,0,0,0,0,0,0010,0000,1
290,2,0,0,0,0,0,0,0,0,0,0,0,0,0,0,0,0,0100,0000,0
290,3,0,0,0,0,0,0,0,0,0,0,0,0,0,0,0,0,1000,0000,0
291,0,0,0,0,0,0,0,0,0,0,0,0,0,0,0,0,0,0000,0000,1
291,1,0,0,0,0,0,0,0,0,0,0,0,0,0,0,0,0,0010,0000,1
291,2,0,0,0,0,0,0,0,0,0,0,0,0,0,0,0,0,0100,0000,0
291,3,0,0,0,0,0,0,0,0,0,0,0,0,0,0,0,0,1000,0000,0
292,0,0,0,0,0,0,0,0,0,0,0,0,0,0,0,0,0,0000,0000,1
292,1,0,0,0,0,0,0,0,0,0,0,0,1,0,0,0,0,0010,0000,1
292,2,0,0,0,0,0,0,0,0,0,0,0,0,0,0,0,0,0100,0000,0
292,3,0,0,0,0,0,0,0,0,0,0,0,0,0,0,0,0,1000,0000,0
293,0,0,0,0,0,0,0,0,0,0,0,0,0,0,0,0,0,0000,0000,1
293,1,0,0,0,0,0,0,0,0,0,0,0,0,0,0,0,0,0010,0000,1
293,2,0,0,0,0,0,0,0,0,0,0,0,0,0,0,0,0,0100,0000,0
293,3,0,0,0,0,0,0,0,0,0,0,0,0,0,0,0,0,1000,0000,0
294,0,0,0,0,0,0,0,0,0,0,0,0,0,0,0,0,0,0000,0000,1
294,1,0,0,0,0,0,0,0,0,0,0,0,0,0,0,0,0,0010,0000,1
294,2,0,0,0,0,0,0,0,0,0,0,0,0,0,0,0,0,0100,0000,0
294,3,0,0,0,0,0,0,0,0,0,0,0,0,0,0,0,0,1000,0000,0
295,0,0,0,0,0,0,0,0,0,0,0,0,0,0,0,0,0,0000,0000,1
295,1,0,0,0,0,0,0,0,0,0,0,0,0,0,0,0,0,0010,0000,1
295,2,0,0,0,0,0,0,0,0,0,0,0,0,0,0,0,0,0100,0000,0
295,3,0,0,0,0,0,0,0,0,0,0,0,0,0,0,0,0,1000,0000,0
296,0,0,0,0,0,0,0,0,0,0,0,0,0,0,0,0,0,0000,0000,1
296,1,0,0,0,0,0,0,0,0,0,0,0,0,0,0,0,0,0010,0000,1
296,2,0,0,0,0,0,0,0,0,0,0,0,0,0,0,0,0,0100,0000,0
296,3,0,0,0,0,0,0,0,0,0,0,0,0,0,0,0,0,1000,0000,0
297,0,0,0,0,0,0,0,0,0,0,0,0,0,0,0,0,0,0000,0000,1
297,1,0,0,0,0,0,0,0,0,0,0,0,0,0,0,0,0,0010,0000,1
297,2,0,0,0,0,0,0,0,0,0,0,0,0,0,0,0,0,0100,0000,0
297,3,0,0,0,0,0,0,0,0,0,0,0,0,0,0,0,0,1000,0000,0
298,0,0,0,0,0,0,0,0,0,0,0,0,0,0,0,0,0,0000,0000,1
298,1,0,0,0,0,0,0,0,0,0,0,0,0,0,0,0,0,0010,0000,1
298,2,0,0,0,0,0,0,0,0,0,0,0,0,0,0,0,0,0100,0000,0
298,3,0,0,0,0,0,0,0,0,0,0,0,0,0,0,0,0,1000,0000,0
299,0,0,0,0,0,0,0,0,0,0,0,0,0,0,0,0,0,0000,0000,1
299,1,0,0,0,0,0,0,0,0,0,0,0,0,0,0,0,0,0010,0000,1
299,2,0,0,0,0,0,0,0,0,0,0,0,0,0,0,0,0,0100,0000,0
299,3,0,0,0,0,0,0,0,0,0,0,0,0,0,0,0,0,1000,0000,0
300,0,0,0,0,0,0,0,0,0,0,0,0,0,0,0,0,0,0000,0000,1
300,1,0,0,0,0,0,0,0,0,0,0,0,0,0,0,0,0,0010,0000,1
300,2,0,0,0,0,0,0,0,0,0,0,0,0,0,0,0,0,0100,0000,0
300,3,0,0,0,0,0,0,0,0,0,0,0,0,0,0,0,0,1000,0000,0
301,0,0,0,0,0,0,0,0,0,0,0,0,0,0,0,0,0,0000,0000,1
301,1,0,0,0,0,0,0,0,0,0,0,0,0,0,0,0,0,0010,0000,0
301,2,0,0,0,0,0,0,0,0,0,0,0,0,0,0,0,0,0100,0000,0
301,3,0,0,0,0,0,0,0,0,0,0,0,0,0,0,0,0,1000,0000,0
302,0,0,0,0,0,0,0,0,0,0,0,0,0,0,0,0,0,0000,0000,1
302,1,0,0,0,0,0,0,0,0,0,0,0,0,0,0,0,0,0010,0000,0
302,2,0,0,0,0,0,0,0,0,0,0,0,0,0,0,0,0,0100,0000,0
302,3,0,0,0,0,0,0,0,0,0,0,0,0,0,0,0,0,1000,0000,0
303,0,0,0,0,0,0,0,0,0,0,0,0,0,0,0,0,0,0100,0000,1
303,1,0,0,0,0,0,0,0,0,0,0,0,0,0,0,0,0,0010,0000,0
303,2,0,0,0,0,0,0,0,0,0,0,0,0,0,0,0,0,0100,0000,0
303,3,0,0,0,0,0,0,0,0,0,0,0,0,0,0,0,0,1000,0000,0
304,0,0,0,0,0,0,0,0,0,0,0,0,0,0,0,0,0,0010,0100,1
304,1,0,0,0,0,0,0,0,0,0,0,0,0,0,0,0,0,0010,0000,0
304,2,0,0,0,0,0,0,0,0,0,0,0,0,0,0,0,0,0100,0000,0
304,3,0,0,0,0,0,0,0,0,0,0,0,0,0,0,0,0,1000,0000,0
305,0,0,0,0,0,0,0,0,0,0,0,0,0,0,0,0,0,0010,0010,1
305,1,0,0,0,0,0,0,0,0,0,0,0,0,0,0,0,0,0010,0000,0
305,2,0,0,0,0,0,0,0,0,0,0,0,0,0,0,0,0,0100,0000,0
305,3,0,0,0,0,0,0,0,0,0,0,0,0,0,0,0,0,1000,0000,0
306,0,0,0,0,0,0,0,0,0,0,0,0,0,0,1,0,0,0010,0000,1
306,1,0,0,0,0,0,0,0,0,0,0,0,0,0,0,0,0,0010,0000,0
306,2,0,0,0,0,0,0,0,0,0,0,0,0,0,0,0,0,0100,0000,0
306,3,0,0,0,0,0,0,0,0,0,0,0,0,0,0,0,0,1000,0000,0
307,0,0,0,0,0,0,0,0,0,0,0,0,0,0,0,0,0,0000,0000,1
307,1,0,0,0,0,0,0,0,0,0,0,0,0,0,0,0,0,0010,0000,0
307,2,0,0,0,0,0,0,0,0,0,0,0,0,0,0,0,0,0100,0000,0
307,3,0,0,0,0,0,0,0,0,0,0,0,0,0,0,0,0,1000,0000,0
308,0,0,1,0,0,0,0,0,0,0,0,0,0,0,0,0,0,0000,0000,1
308,1,0,0,0,0,0,0,0,0,0,0,0,0,0,0,0,0,0010,0000,0
308,2,0,0,0,0,0,0,0,0,0,0,0,0,0,0,0,0,0100,0000,0
308,3,0,0,0,0,0,0,0,0,0,0,0,0,0,0,0,0,1000,0000,0
309,0,0,0,0,0,0,0,0,0,0,0,0,0,0,0,0,0,0000,0000,1
309,1,0,0,0,0,0,0,0,0,0,0,0,0,0,0,0,0,0010,0000,0
309,2,0,0,0,0,0,0,0,0,0,0,0,0,0,0,0,0,0100,0000,0
309,3,0,0,0,0,0,0,0,0,0,0,0,0,0,0,0,0,1000,0000,0
310,0,0,0,0,0,0,0,0,0,0,0,0,0,0,0,0,0,0000,0000,1
310,1,0,0,0,0,0,0,0,0,0,0,0,0,0,0,0,0,0010,0000,0
310,2,0,0,0,0,0,0,0,0,0,0,0,0,0,0,0,0,0100,0000,0
310,3,0,0,0,0,0,0,0,0,0,0,0,0,0,0,0,0,1000,0000,0
311,0,0,0,0,0,0,0,0,0,0,0,0,0,0,0,0,0,0000,0000,1
311,1,0,0,0,0,0,0,0,0,0,0,0,0,0,0,0,0,0010,0000,0
311,2,0,0,0,0,0,0,0,0,0,0,0,0,0,0,0,0,0100,0000,0
311,3,0,0,0,0,0,0,0,0,0,0,0,0,0,0,0,0,1000,0000,0
312,0,0,0,0,0,0,0,0,0,0,0,0,0,0,0,0,0,0000,0000,1
312,1,0,0,0,0,0,0,0,0,0,0,0,0,0,0,0,0,0010,0000,0
312,2,0,0,0,0,1,0,0,0,0,0,0,0,0,0,0,0,0100,0000,0
312,3,0,0,0,0,0,0,0,0,0,0,0,0,0,0,0,0,1000,0000,0
313,0,0,0,0,0,0,0,0,0,0,0,0,0,0,0,0,0,0000,0000,1
313,1,0,0,0,0,0,0,0,0,0,0,0,0,0,0,0,0,0010,0000,0
313,2,0,0,0,0,0,0,0,0,0,0,0,0,0,0,0,0,0100,0000,0
313,3,0,0,0,0,0,0,0,0,0,0,0,0,0,0,0,0,1000,1000,0
314,0,0,0,0,0,0,0,0,0,0,0,0,0,0,0,0,0,0000,0000,1
314,1,0,0,0,0,0,0,0,0,0,0,0,0,0,0,0,0,0010,0000,0
314,2,0,0,0,0,0,0,0,0,1,0,0,0,0,0,0,0,0100,0000,0
314,3,0,0,0,0,0,0,0,0,0,0,0,0,0,0,0,1,1000,0000,0
315,0,0,0,0,0,0,0,0,0,0,0,0,0,0,0,0,0,0000,0000,1
315,1,0,0,0,0,0,0,0,0,0,0,0,0,0,0,0,0,0010,0000,0
315,2,0,0,0,0,0,0,0,0,0,0,0,0,0,0,0,0,0100,0000,0
315,3,0,0,0,0,0,0,0,0,0,0,0,0,0,0,0,0,0000,0000,1
316,0,0,0,0,0,0,0,0,0,0,0,0,0,0,0,0,0,0000,0000,1
316,1,0,0,0,0,0,0,0,0,0,0,0,0,0,0,0,0,0010,0000,0
316,2,0,0,0,0,0,0,0,0,0,0,0,0,0,0,0,0,0100,0000,0
316,3,0,0,0,1,0,0,0,0,0,0,0,0,0,0,0,0,1000,0000,1
317,0,0,0,0,0,0,0,0,0,0,0,0,0,0,0,0,0,0000,0000,1
317,1,0,0,0,0,0,0,0,0,0,0,0,0,0,0,0,0,0010,0000,0
317,2,0,0,0,0,0,0,0,0,0,0,0,0,0,0,0,0,0100,0000,0
317,3,0,0,0,0,0,0,0,0,0,0,0,0,0,0,0,0,1000,0000,1
318,0,0,0,0,0,0,0,0,0,0,0,0,0,0,0,0,0,0000,0000,1
318,1,0,0,0,0,0,0,0,0,0,0,0,0,0,0,0,0,0010,0000,0
318,2,0,0,0,0,0,0,0,0,0,0,0,0,0,0,0,0,0100,0000,0
318,3,0,0,0,0,0,0,0,0,0,0,0,0,0,0,0,0,1000,0000,1
319,0,0,0,0,0,0,0,0,0,0,0,0,0,0,0,0,0,0000,0000,1
319,1,0,0,0,0,0,0,0,0,0,0,0,0,0,0,0,0,0010,0000,0
319,2,0,0,0,0,0,0,0,0,0,0,0,0,0,0,0,0,0100,0000,0
319,3,0,0,0,0,0,0,0,0,0,0,0,0,0,0,0,0,1000,0000,1
320,0,0,0,0,0,0,0,0,0,0,0,0,0,0,0,0,0,0000,0000,1
320,1,0,0,0,0,0,0,0,0,0,0,0,0,0,0,0,0,0010,0000,0
320,2,0,0,0,0,0,0,1,0,0,0,0,0,0,0,0,0,0100,0000,0
320,3,0,0,0,0,0,0,0,0,0,0,0,0,0,0,0,0,1000,0000,1
321,0,0,0,0,0,0,0,0,0,0,0,0,0,0,0,0,0,0000,0000,1
321,1,0,0,0,0,0,0,0,0,0,0,0,0,0,0,0,0,0010,0010,0
321,2,0,0,0,0,0,0,0,0,0,0,0,0,0,0,0,0,0100,0000,0
321,3,0,0,0,0,0,0,0,0,0,0,0,0,0,0,0,0,1000,0000,1
322,0,0,0,0,0,0,0,0,0,0,0,0,0,0,0,0,0,0000,0000,1
322,1,0,0,0,0,0,0,0,0,0,0,0,0,0,1,0,0,0010,0000,0
322,2,0,0,0,0,0,0,0,0,0,0,1,0,0,0,0,0,0100,0000,0
322,3,0,0,0,0,0,0,0,0,0,0,0,0,0,0,0,0,1000,0000,1
323,0,0,0,0,0,0,0,0,0,0,0,0,0,0,0,0,0,0000,0000,1
323,1,0,0,0,0,0,0,0,0,0,0,0,0,0,0,0,0,0000,0000,1
323,2,0,0,0,0,0,0,0,0,0,0,0,0,0,0,0,0,0100,0000,0
323,3,0,0,0,0,0,0,0,0,0,0,0,0,0,0,0,0,1000,0000,1
324,0,0,0,0,0,0,0,0,0,0,0,0,0,0,0,0,0,0000,0000,1
324,1,0,1,0,0,0,0,0,0,0,0,0,0,0,0,0,0,0010,0000,1
324,2,0,0,0,0,0,0,0,0,0,0,0,0,0,0,0,0,0100,0000,0
324,3,0,0,0,0,0,0,0,0,0,0,0,0,0,0,0,0,1000,0000,1
325,0,0,0,0,0,0,0,0,0,0,0,0,0,0,0,0,0,0000,0000,1
325,1,0,0,0,0,0,0,0,0,0,0,0,0,0,0,0,0,0010,0000,1
325,2,0,0,0,0,0,0,0,0,0,0,0,0,0,0,0,0,0100,0000,0
325,3,0,0,0,0,0,0,0,0,0,0,0,0,0,0,0,0,1000,0000,1
326,0,0,0,0,0,0,0,0,0,0,0,0,0,0,0,0,0,0000,0000,1
326,1,0,0,0,0,0,0,0,0,0,0,0,0,0,0,0,0,0010,0000,1
326,2,0,0,0,0,0,0,0,0,0,0,0,0,0,0,0,0,0100,0000,0
326,3,0,0,0,0,0,0,0,0,0,0,0,0,0,0,0,0,1000,0000,1
327,0,0,0,0,0,0,0,0,0,0,0,0,0,0,0,0,0,0000,0000,1
327,1,0,0,0,0,0,0,0,0,0,0,0,0,0,0,0,0,0010,0000,1
327,2,0,0,0,0,0,0,0,0,0,0,0,0,0,0,0,0,0100,0000,0
327,3,0,0,0,0,0,0,0,0,0,0,0,0,0,0,0,0,1000,0000,1
328,0,0,0,0,0,0,0,0,0,0,0,0,0,0,0,0,0,0000,0000,1
328,1,0,0,0,0,0,0,0,0,0,0,0,0,0,0,0,0,0010,0000,1
328,2,0,0,0,0,0,0,0,0,0,0,0,0,0,0,0,0,0100,0000,0
328,3,0,0,0,0,1,0,0,0,0,0,0,0,0,0,0,0,1000,0000,1
329,0,0,0,0,0,0,0,0,0,0,0,0,0,0,0,0,0,0000,0000,1
329,1,0,0,0,0,0,0,0,0,0,0,0,0,0,0,0,0,0010,0000,1
329,2,0,0,0,0,0,0,0,0,0,0,0,0,0,0,0,0,0100,0000,0
329,3,0,0,0,0,0,0,0,0,0,0,0,0,0,0,0,0,1000,0000,1
330,0,0,0,0,0,0,0,0,0,0,0,0,0,0,0,0,0,0000,0000,1
330,1,0,0,0,0,0,0,0,0,0,0,0,0,0,0,0,0,0010,0000,1
330,2,0,0,0,0,0,0,0,0,0,0,0,0,0,0,0,0,0100,0000,0
330,3,0,0,0,0,0,0,0,0,1,0,0,0,0,0,0,0,1000,0000,1
331,0,0,0,0,0,0,0,0,0,0,0,0,0,0,0,0,0,0000,0000,1
331,1,0,0,0,0,0,0,0,0,0,0,0,0,0,0,0,0,0010,0000,1
331,2,0,0,0,0,0,0,0,0,0,0,0,0,0,0,0,0,0100,0000,0
331,3,0,0,0,0,0,0,0,0,0,0,0,0,0,0,0,0,1000,0000,1
332,0,0,0,0,0,0,0,0,0,0,0,0,0,0,0,0,0,0000,0000,1
332,1,0,0,0,0,0,0,0,0,0,0,0,0,0,0,0,0,0010,0000,1
332,2,0,0,0,0,0,0,0,0,0,0,0,0,0,0,0,0,0100,0000,0
332,3,0,0,0,0,0,0,0,0,0,0,0,0,0,0,0,0,1000,0000,1
333,0,0,0,0,0,0,0,0,0,0,0,0,0,0,0,0,0,0000,0000,1
333,1,0,0,0,0,0,0,0,0,0,0,0,0,0,0,0,0,0010,0000,1
333,2,0,0,0,0,0,0,0,0,0,0,0,0,0,0,0,0,0100,0000,0
333,3,0,0,0,0,0,0,0,0,0,0,0,0,0,0,0,0,1000,0000,1
334,0,0,0,0,0,0,0,0,0,0,0,0,0,0,0,0,0,0000,0000,1
334,1,0,0,0,0,0,0,0,0,0,0,0,0,0,0,0,0,0010,0000,1
334,2,0,0,0,0,0,0,0,0,0,0,0,0,0,0,0,0,0100,0000,0
334,3,0,0,0,0,0,0,0,0,0,0,0,0,0,0,0,0,1000,0000,1
335,0,0,0,0,0,0,0,0,0,0,0,0,0,0,0,0,0,0000,0000,1
335,1,0,0,0,0,0,0,0,0,0,0,0,0,0,0,0,0,0010,0000,1
335,2,0,0,0,0,0,0,0,0,0,0,0,0,0,0,0,0,0100,0000,0
335,3,0,0,0,0,0,0,0,0,0,0,0,0,0,0,0,0,1000,0000,1
336,0,0,0,0,0,0,0,0,0,0,0,0,0,0,0,0,0,0000,0000,1
336,1,0,0,0,0,0,0,0,0,0,0,0,0,0,0,0,0,0010,0000,1
336,2,0,0,0,0,0,0,0,0,0,0,0,0,0,0,0,0,0100,0000,0
336,3,0,0,0,0,0,0,0,0,0,0,0,0,0,0,0,0,1000,0000,1
337,0,0,0,0,0,0,0,0,0,0,0,0,0,0,0,0,0,0000,0000,1
337,1,0,0,0,0,0,0,0,0,0,0,0,0,0,0,0,0,0010,0000,1
337,2,0,0,0,0,0,0,0,0,0,0,0,0,0,0,0,0,0100,0000,0
337,3,0,0,0,0,0,0,0,0,0,0,0,0,0,0,0,0,1000,0000,1
338,0,0,0,0,0,0,0,0,0,0,0,0,0,0,0,0,0,0000,0000,1
338,1,0,0,0,0,0,0,0,0,0,0,0,0,0,0,0,0,0010,0000,1
338,2,0,0,0,0,0,0,0,0,0,0,0,0,0,0,0,0,0100,0000,0
338,3,0,0,0,0,0,0,0,0,0,0,0,0,0,0,0,0,1000,0000,1
339,0,0,0,0,0,0,0,0,0,0,0,0,0,0,0,0,0,0000,0000,1
339,1,0,0,0,0,0,0,0,0,0,0,0,0,0,0,0,0,0010,0000,1
339,2,0,0,0,0,0,0,0,0,0,0,0,0,0,0,0,0,0100,0000,0
339,3,0,0,0,0,0,0,0,0,0,0,0,0,0,0,0,0,1000,0000,1
340,0,0,0,0,0,0,0,0,0,0,0,0,0,0,0,0,0,0000,0000,1
340,1,0,0,0,0,0,0,0,0,0,0,0,0,0,0,0,0,0010,0000,1
340,2,0,0,0,0,0,0,0,0,0,0,0,0,0,0,0,0,0100,0000,0
340,3,0,0,0,0,0,0,0,0,0,0,0,0,0,0,0,0,1000,0000,1
341,0,0,0,0,0,0,0,0,0,0,0,0,0,0,0,0,0,0000,0000,1
341,1,0,0,0,0,0,0,0,0,0,0,0,0,0,0,0,0,0010,0000,1
341,2,0,0,0,0,0,0,0,0,0,0,0,0,0,0,0,0,0100,0000,0
341,3,0,0,0,0,0,0,0,0,0,0,0,0,0,0,0,0,1000,0000,1
342,0,0,0,0,0,0,0,0,0,0,0,0,0,0,0,0,0,0000,0000,1
342,1,0,0,0,0,0,0,0,0,0,0,0,0,0,0,0,0,0010,0000,1
342,2,0,0,0,0,0,0,0,0,0,0,0,0,0,0,0,0,0100,0000,0
342,3,0,0,0,0,0,0,0,0,0,0,0,0,0,0,0,0,1000,0000,1
343,0,0,0,0,0,0,0,0,0,0,0,0,0,0,0,0,0,0000,0000,1
343,1,0,0,0,0,0,0,0,0,0,0,0,0,0,0,0,0,0010,0000,1
343,2,0,0,0,0,0,0,0,0,0,0,0,0,0,0,0,0,0100,0000,0
343,3,0,0,0,0,0,0,0,0,0,0,0,0,0,0,0,0,1000,0000,1
344,0,0,0,0,0,0,0,0,0,0,0,0,0,0,0,0,0,0000,0000,1
344,1,0,0,0,0,0,0,0,0,0,0,0,0,0,0,0,0,0010,0000,1
344,2,0,0,0,0,0,0,0,0,0,0,0,0,0,0,0,0,0100,0000,0
344,3,0,0,0,0,0,0,0,0,0,0,0,0,0,0,0,0,1000,0000,1
345,0,0,0,0,0,0,0,0,0,0,0,0,0,0,0,0,0,0000,0000,1
345,1,0,0,0,0,0,0,0,0,0,0,0,0,0,0,0,0,0010,0000,1
345,2,0,0,0,0,0,0,0,0,0,0,0,0,0,0,0,0,0100,0000,0
345,3,0,0,0,0,0,0,0,0,0,0,0,0,0,0,0,0,1000,0000,1
346,0,0,0,0,0,0,0,0,0,0,0,0,0,0,0,0,0,0000,0000,1
346,1,0,0,0,0,0,0,0,0,0,0,0,0,0,0,0,0,0010,0000,1
346,2,0,0,0,0,0,0,0,0,0,0,0,0,0,0,0,0,0100,0000,0
346,3,0,0,0,0,0,0,0,0,0,0,0,0,0,0,0,0,1000,0000,1
347,0,0,0,0,0,0,0,0,0,0,0,0,0,0,0,0,0,0000,0000,1
347,1,0,0,0,0,0,0,0,0,0,0,0,0,0,0,0,0,0010,0000,1
347,2,0,0,0,0,0,0,0,0,0,0,0,0,0,0,0,0,0100,0000,0
347,3,0,0,0,0,0,0,0,0,0,0,0,0,0,0,0,0,1000,0000,1
348,0,0,0,0,0,0,0,0,0,0,0,0,0,0,0,0,0,0000,0000,1
348,1,0,0,0,0,0,0,0,0,0,0,0,0,0,0,0,0,0010,0000,1
348,2,0,0,0,0,0,0,0,0,0,0,0,0,0,0,0,0,0100,0000,0
348,3,0,0,0,0,0,0,0,0,0,0,0,0,0,0,0,0,1000,0000,1
349,0,0,0,0,0,0,0,0,0,0,0,0,0,0,0,0,0,0000,0000,1
349,1,0,0,0,0,0,0,0,0,0,0,0,0,0,0,0,0,0010,0000,1
349,2,0,0,0,0,0,0,0,0,0,0,0,0,0,0,0,0,0100,0000,0
349,3,0,0,0,0,0,0,0,0,0,0,0,0,0,0,0,0,1000,0000,1
350,0,0,0,0,0,0,0,0,0,0,0,0,0,0,0,0,0,0000,0000,1
350,1,0,0,0,0,0,0,0,0,0,0,0,0,0,0,0,0,0010,0000,1
350,2,0,0,0,0,0,0,0,0,0,0,0,0,0,0,0,0,0100,0000,0
350,3,0,0,0,0,0,0,0,0,0,0,0,0,0,0,0,0,1000,0000,1
351,0,0,0,0,0,0,0,0,0,0,0,0,0,0,0,0,0,0000,0000,1
351,1,0,0,0,0,0,0,0,0,0,0,0,0,0,0,0,0,0010,0000,1
351,2,0,0,0,0,0,0,0,0,0,0,0,0,0,0,0,0,0100,0000,0
351,3,0,0,0,0,0,0,0,0,0,0,0,0,0,0,0,0,1000,0000,1
352,0,0,0,0,0,0,0,0,0,0,0,0,0,0,0,0,0,0000,0000,1
352,1,0,0,0,0,0,0,0,0,0,0,0,0,0,0,0,0,0010,0000,1
352,2,0,0,0,0,0,0,0,0,0,0,0,0,0,0,0,0,0100,0000,0
352,3,0,0,0,0,0,0,0,0,0,0,0,0,0,0,0,0,1000,0000,1
353,0,0,0,0,0,0,0,0,0,0,0,0,0,0,0,0,0,0000,0000,1
353,1,0,0,0,0,0,0,0,0,0,0,0,0,0,0,0,0,0010,0000,1
353,2,0,0,0,0,0,0,0,0,0,0,0,0,0,0,0,0,0100,0000,0
353,3,0,0,0,0,0,0,0,0,0,0,0,0,0,0,0,0,1000,0000,1
354,0,0,0,0,0,0,0,0,0,0,0,0,0,0,0,0,0,0010,0000,1
354,1,0,0,0,0,0,0,0,0,0,0,0,0,0,0,0,0,0010,0000,1
354,2,0,0,0,0,0,0,0,0,0,0,0,0,0,0,0,0,0100,0000,0
354,3,0,0,0,0,0,0,0,0,0,0,0,0,0,0,0,0,1000,0000,1
355,0,0,0,0,0,0,0,0,0,0,0,0,0,0,0,0,0,0100,0000,1
355,1,0,0,0,0,0,0,0,0,0,0,0,0,0,0,0,0,0010,0000,1
355,2,0,0,0,0,0,0,0,0,0,0,0,0,0,0,0,0,0100,0000,0
355,3,0,0,0,0,0,0,0,0,0,0,0,0,0,0,0,0,1000,0000,1
356,0,0,0,0,0,0,0,0,0,0,0,0,0,0,0,0,0,0100,0100,1
356,1,0,0,0,0,0,0,0,0,0,0,0,0,0,0,0,0,0010,0000,1
356,2,0,0,0,0,0,0,0,0,0,0,0,0,0,0,0,0,0100,0000,0
356,3,0,0,0,0,0,0,0,0,0,0,0,0,0,0,0,0,1000,0000,1
357,0,0,0,0,0,0,0,0,0,0,0,0,0,0,0,1,0,0100,0000,1
357,1,0,0,0,0,0,0,0,0,0,0,0,0,0,0,0,0,0010,0000,1
357,2,0,0,0,0,0,0,0,0,0,0,0,0,0,0,0,0,0100,0000,0
357,3,0,0,0,0,0,0,0,0,0,0,0,0,0,0,0,0,1000,0000,1
358,0,0,0,0,0,0,0,0,0,0,0,0,0,0,0,0,0,0000,0000,1
358,1,0,0,0,0,0,0,0,0,0,0,0,0,0,0,0,0,0010,0000,1
358,2,0,0,0,0,0,0,0,0,0,0,0,0,0,0,0,0,0100,0000,0
358,3,0,0,0,0,0,0,0,0,0,0,0,0,0,0,0,0,1000,0000,1
359,0,0,0,1,0,0,0,0,0,0,0,0,0,0,0,0,0,0100,0000,1
359,1,0,0,0,0,0,0,0,0,0,0,0,0,0,0,0,0,0010,0000,1
359,2,0,0,0,0,0,0,0,0,0,0,0,0,0,0,0,0,0100,0000,0
359,3,0,0,0,0,0,0,0,0,0,0,0,0,0,0,0,0,1000,0000,1
360,0,0,0,0,0,0,0,0,0,0,0,0,0,0,0,0,0,0010,0000,1
360,1,0,0,0,0,0,0,0,0,0,0,0,0,0,0,0,0,0010,0000,1
360,2,0,0,0,0,0,0,0,0,0,0,0,0,0,0,0,0,0100,0000,0
360,3,0,0,0,0,0,0,0,0,0,0,0,0,0,0,0,0,1000,0000,1
361,0,0,0,0,0,0,0,0,0,0,0,0,0,0,0,0,0,0010,0000,1
361,1,0,0,0,0,0,0,0,0,0,0,0,0,0,0,0,0,0010,0000,1
361,2,0,0,0,0,0,0,0,0,0,0,0,0,0,0,0,0,0100,0000,0
361,3,0,0,0,0,0,0,0,0,0,0,0,0,0,0,0,0,1000,0000,1
362,0,0,0,0,0,0,0,0,0,0,0,0,0,0,0,0,0,0010,0000,1
362,1,0,0,0,0,0,0,0,0,0,0,0,0,0,0,0,0,0010,0000,1
362,2,0,0,0,0,0,0,0,0,0,0,0,0,0,0,0,0,0100,0000,0
362,3,0,0,0,0,0,0,0,0,0,0,0,0,0,0,0,0,1000,0000,1
363,0,0,0,0,0,0,0,0,0,0,0,0,0,0,0,0,0,0010,0000,1
363,1,0,0,0,0,0,0,0,1,0,0,0,0,0,0,0,0,0010,0000,1
363,2,0,0,0,0,0,0,0,0,0,0,0,0,0,0,0,0,0100,0000,0
363,3,0,0,0,0,0,0,0,0,0,0,0,0,0,0,0,0,1000,0000,1
364,0,0,0,0,0,0,0,0,0,0,0,0,0,0,0,0,0,0010,0010,1
364,1,0,0,0,0,0,0,0,0,0,0,0,0,0,0,0,0,0010,0000,1
364,2,0,0,0,0,0,0,0,0,0,0,0,0,0,0,0,0,0100,0000,0
364,3,0,0,0,0,0,0,0,0,0,0,0,0,0,0,0,0,1000,0000,1
365,0,0,0,0,0,0,0,0,0,0,0,0,0,0,1,0,0,0010,0000,1
365,1,0,0,0,0,0,0,0,0,0,0,0,1,0,0,0,0,0010,0000,1
365,2,0,0,0,0,0,0,0,0,0,0,0,0,0,0,0,0,0100,0000,0
365,3,0,0,0,0,0,0,0,0,0,0,0,0,0,0,0,0,1000,0000,1
366,0,0,0,0,0,0,0,0,0,0,0,0,0,0,0,0,0,0000,0000,1
366,1,0,0,0,0,0,0,0,0,0,0,0,0,0,0,0,0,0010,0000,1
366,2,0,0,0,0,0,0,0,0,0,0,0,0,0,0,0,0,0100,0000,0
366,3,0,0,0,0,0,0,0,0,0,0,0,0,0,0,0,0,1000,0000,1
367,0,0,1,0,0,0,0,0,0,0,0,0,0,0,0,0,0,0000,0000,1
367,1,0,0,0,0,0,0,0,0,0,0,0,0,0,0,0,0,0010,0000,1
367,2,0,0,0,0,0,0,0,0,0,0,0,0,0,0,0,0,0100,0000,0
367,3,0,0,0,0,0,0,0,0,0,0,0,0,0,0,0,0,1000,0000,1
368,0,0,0,0,0,0,0,0,0,0,0,0,0,0,0,0,0,0000,0000,1
368,1,0,0,0,0,0,0,0,0,0,0,0,0,0,0,0,0,0010,0000,1
368,2,0,0,0,0,0,0,0,0,0,0,0,0,0,0,0,0,0100,0000,0
368,3,0,0,0,0,0,0,0,0,0,0,0,0,0,0,0,0,1000,0000,1
369,0,0,0,0,0,0,0,0,0,0,0,0,0,0,0,0,0,0000,0000,1
369,1,0,0,0,0,0,0,0,0,0,0,0,0,0,0,0,0,0010,0000,1
369,2,0,0,0,0,0,0,0,0,0,0,0,0,0,0,0,0,0100,0000,0
369,3,0,0,0,0,0,0,0,0,0,0,0,0,0,0,0,0,1000,0000,1
370,0,0,0,0,0,0,0,0,0,0,0,0,0,0,0,0,0,0000,0000,1
370,1,0,0,0,0,0,0,0,0,0,0,0,0,0,0,0,0,0010,0000,1
370,2,0,0,0,0,0,0,0,0,0,0,0,0,0,0,0,0,0100,0000,0
370,3,0,0,0,0,0,0,0,0,0,0,0,0,0,0,0,0,1000,0000,1
371,0,0,0,0,0,0,0,0,0,0,0,0,0,0,0,0,0,0000,0000,1
371,1,0,0,0,0,0,0,0,0,0,0,0,0,0,0,0,0,0010,0000,1
371,2,0,0,0,0,1,0,0,0,0,0,0,0,0,0,0,0,0100,0000,0
371,3,0,0,0,0,0,0,0,0,0,0,0,0,0,0,0,0,1000,0000,1
372,0,0,0,0,0,0,0,0,0,0,0,0,0,0,0,0,0,0000,0000,1
372,1,0,0,0,0,0,0,0,0,0,0,0,0,0,0,0,0,0010,0000,1
372,2,0,0,0,0,0,0,0,0,0,0,0,0,0,0,0,0,0100,0000,0
372,3,0,0,0,0,0,0,0,0,0,0,0,0,0,0,0,0,1000,1000,1
373,0,0,0,0,0,0,0,0,0,0,0,0,0,0,0,0,0,0000,0000,1
373,1,0,0,0,0,0,0,0,0,0,0,0,0,0,0,0,0,0010,0000,1
373,2,0,0,0,0,0,0,0,0,1,0,0,0,0,0,0,0,0100,0000,0
373,3,0,0,0,0,0,0,0,0,0,0,0,0,0,0,0,1,1000,0000,1
374,0,0,0,0,0,0,0,0,0,0,0,0,0,0,0,0,0,0000,0000,1
374,1,0,0,0,0,0,0,0,0,0,0,0,0,0,0,0,0,0010,0000,1
374,2,0,0,0,0,0,0,0,0,0,0,0,0,0,0,0,0,0100,0000,0
374,3,0,0,0,0,0,0,0,0,0,0,0,0,0,0,0,0,0000,0000,1
375,0,0,0,0,0,0,0,0,0,0,0,0,0,0,0,0,0,0000,0000,1
375,1,0,0,0,0,0,0,0,0,0,0,0,0,0,0,0,0,0010,0000,1
375,2,0,0,0,0,0,0,0,0,0,0,0,0,0,0,0,0,0100,0000,0
375,3,0,0,0,1,0,0,0,0,0,0,0,0,0,0,0,0,1000,0000,1
376,0,0,0,0,0,0,0,0,0,0,0,0,0,0,0,0,0,0000,0000,1
376,1,0,0,0,0,0,0,0,0,0,0,0,0,0,0,0,0,0010,0000,1
376,2,0,0,0,0,0,0,0,0,0,0,0,0,0,0,0,0,0100,0000,0
376,3,0,0,0,0,0,0,0,0,0,0,0,0,0,0,0,0,1000,0000,1
377,0,0,0,0,0,0,0,0,0,0,0,0,0,0,0,0,0,0000,0000,1
377,1,0,0,0,0,0,0,0,0,0,0,0,0,0,0,0,0,0010,0000,1
377,2,0,0,0,0,0,0,0,0,0,0,0,0,0,0,0,0,0100,0000,0
377,3,0,0,0,0,0,0,0,0,0,0,0,0,0,0,0,0,1000,0000,1
378,0,0,0,0,0,0,0,0,0,0,0,0,0,0,0,0,0,0000,0000,1
378,1,0,0,0,0,0,0,0,0,0,0,0,0,0,0,0,0,0010,0000,1
378,2,0,0,0,0,0,0,0,0,0,0,0,0,0,0,0,0,0100,0000,0
378,3,0,0,0,0,0,0,0,0,0,0,0,0,0,0,0,0,1000,0000,1
379,0,0,0,0,0,0,0,0,0,0,0,0,0,0,0,0,0,0000,0000,1
379,1,0,0,0,0,0,0,0,0,0,0,0,0,0,0,0,0,0010,0000,1
379,2,0,0,0,0,0,0,1,0,0,0,0,0,0,0,0,0,0100,0000,0
379,3,0,0,0,0,0,0,0,0,0,0,0,0,0,0,0,0,1000,0000,1
380,0,0,0,0,0,0,0,0,0,0,0,0,0,0,0,0,0,0000,0000,1
380,1,0,0,0,0,0,0,0,0,0,0,0,0,0,0,0,0,0010,0010,1
380,2,0,0,0,0,0,0,0,0,0,0,0,0,0,0,0,0,0100,0000,0
380,3,0,0,0,0,0,0,0,0,0,0,0,0,0,0,0,0,1000,0000,1
381,0,0,0,0,0,0,0,0,0,0,0,0,0,0,0,0,0,0000,0000,1
381,1,0,0,0,0,0,0,0,0,0,0,0,0,0,1,0,0,0010,0000,1
381,2,0,0,0,0,0,0,0,0,0,0,1,0,0,0,0,0,0100,0000,0
381,3,0,0,0,0,0,0,0,0,0,0,0,0,0,0,0,0,1000,0000,1
382,0,0,0,0,0,0,0,0,0,0,0,0,0,0,0,0,0,0000,0000,1
382,1,0,0,0,0,0,0,0,0,0,0,0,0,0,0,0,0,0000,0000,1
382,2,0,0,0,0,0,0,0,0,0,0,0,0,0,0,0,0,0100,0000,0
382,3,0,0,0,0,0,0,0,0,0,0,0,0,0,0,0,0,1000,0000,1
383,0,0,0,0,0,0,0,0,0,0,0,0,0,0,0,0,0,0000,0000,1
383,1,0,1,0,0,0,0,0,0,0,0,0,0,0,0,0,0,0010,0000,1
383,2,0,0,0,0,0,0,0,0,0,0,0,0,0,0,0,0,0100,0000,0
383,3,0,0,0,0,0,0,0,0,0,0,0,0,0,0,0,0,1000,0000,1
384,0,0,0,0,0,0,0,0,0,0,0,0,0,0,0,0,0,0000,0000,1
384,1,0,0,0,0,0,0,0,0,0,0,0,0,0,0,0,0,1000,0000,1
384,2,0,0,0,0,0,0,0,0,0,0,0,0,0,0,0,0,0100,0000,0
384,3,0,0,0,0,0,0,0,0,0,0,0,0,0,0,0,0,1000,0000,1
385,0,0,0,0,0,0,0,0,0,0,0,0,0,0,0,0,0,0000,0000,1
385,1,0,0,0,0,0,0,0,0,0,0,0,0,0,0,0,0,1000,1000,1
385,2,0,0,0,0,0,0,0,0,0,0,0,0,0,0,0,0,0100,0000,0
385,3,0,0,0,0,0,0,0,0,0,0,0,0,0,0,0,0,1000,0000,1
386,0,0,0,0,0,0,0,0,0,0,0,0,0,0,0,0,0,0000,0000,1
386,1,0,0,0,0,0,0,0,0,0,0,0,0,0,0,0,1,1000,0000,1
386,2,0,0,0,0,0,0,0,0,0,0,0,0,0,0,0,0,0100,0000,0
386,3,0,0,0,0,0,0,0,0,0,0,0,0,0,0,0,0,1000,0000,1
387,0,0,0,0,0,0,0,0,0,0,0,0,0,0,0,0,0,0000,0000,1
387,1,0,0,0,0,0,0,0,0,0,0,0,0,0,0,0,0,0000,0000,1
387,2,0,0,0,0,0,0,0,0,0,0,0,0,0,0,0,0,0100,0000,0
387,3,0,0,0,0,1,0,0,0,0,0,0,0,0,0,0,0,1000,0000,1
388,0,0,0,0,0,0,0,0,0,0,0,0,0,0,0,0,0,0010,0000,1
388,1,0,0,0,1,0,0,0,0,0,0,0,0,0,0,0,0,1000,0000,1
388,2,0,0,0,0,0,0,0,0,0,0,0,0,0,0,0,0,0100,0000,0
388,3,0,0,0,0,0,0,0,0,0,0,0,0,0,0,0,0,1000,0000,1
389,0,0,0,0,0,0,0,0,0,0,0,0,0,0,0,0,0,0100,0000,1
389,1,0,0,0,0,0,0,0,0,0,0,0,0,0,0,0,0,0000,0000,1
389,2,0,0,0,0,0,0,0,0,0,0,0,0,0,0,0,0,0100,0000,0
389,3,0,0,0,0,0,0,0,0,1,0,0,0,0,0,0,0,1000,0000,1
390,0,0,0,0,0,0,0,0,0,0,0,0,0,0,0,0,0,0100,0000,1
390,1,0,0,0,0,0,0,0,0,0,0,0,0,0,0,0,0,1000,0000,1
390,2,0,0,0,0,0,0,0,0,0,0,0,0,0,0,0,0,0100,0000,0
390,3,0,0,0,0,0,0,0,0,0,0,0,0,0,0,0,0,1000,0000,1
391,0,0,0,0,0,0,0,0,0,0,0,0,0,0,0,0,0,0100,0000,1
391,1,0,0,0,0,0,0,0,0,0,0,0,0,0,0,0,0,0010,0000,1
391,2,0,0,0,0,0,0,0,0,0,0,0,0,0,0,0,0,0100,0000,0
391,3,0,0,0,0,0,0,0,0,0,0,0,0,0,0,0,0,1000,0000,1
392,0,0,0,0,0,0,0,1,0,0,0,0,0,0,0,0,0,0100,0000,0
392,1,0,0,0,0,0,0,0,0,0,0,0,0,0,0,0,0,0010,0000,1
392,2,0,0,0,0,0,0,0,0,0,0,0,0,0,0,0,0,0100,0000,0
392,3,0,0,0,0,0,0,0,0,0,0,0,0,0,0,0,0,1000,0000,1
393,0,0,0,0,0,0,0,0,0,0,0,0,0,0,0,0,0,0100,0100,0
393,1,0,0,0,0,0,0,0,0,0,0,0,0,0,0,0,0,0010,0000,1
393,2,0,0,0,0,0,0,0,0,0,0,0,0,0,0,0,0,0100,0000,0
393,3,0,0,0,0,0,0,0,0,0,0,0,0,0,0,0,0,1000,0000,1
394,0,0,0,0,0,0,0,0,0,0,0,1,0,0,0,1,0,0100,0000,0
394,1,0,0,0,0,0,0,0,0,0,0,0,0,0,0,0,0,0010,0000,1
394,2,0,0,0,0,0,0,0,0,0,0,0,0,0,0,0,0,0100,0000,0
394,3,0,0,0,0,0,0,0,0,0,0,0,0,0,0,0,0,1000,0000,1
395,0,0,0,0,0,0,0,0,0,0,0,0,0,0,0,0,0,0000,0000,1
395,1,0,0,0,0,0,0,0,0,0,0,0,0,0,0,0,0,0010,0000,1
395,2,0,0,0,0,0,0,0,0,0,0,0,0,0,0,0,0,0100,0000,0
395,3,0,0,0,0,0,0,0,0,0,0,0,0,0,0,0,0,1000,0000,1
396,0,0,0,1,0,0,0,0,0,0,0,0,0,0,0,0,0,0100,0000,1
396,1,0,0,0,0,0,0,0,0,0,0,0,0,0,0,0,0,0010,0000,1
396,2,0,0,0,0,0,0,0,0,0,0,0,0,0,0,0,0,0100,0000,0
396,3,0,0,0,0,0,0,0,0,0,0,0,0,0,0,0,0,1000,0000,1
397,0,0,0,0,0,0,0,0,0,0,0,0,0,0,0,0,0,0100,0000,1
397,1,0,0,0,0,0,0,0,0,0,0,0,0,0,0,0,0,0010,0000,1
397,2,0,0,0,0,0,0,0,0,0,0,0,0,0,0,0,0,0100,0000,0
397,3,0,0,0,0,0,0,0,0,0,0,0,0,0,0,0,0,1000,0000,1
398,0,0,0,0,0,0,0,0,0,0,0,0,0,0,0,0,0,0100,0000,1
398,1,0,0,0,0,0,0,0,0,0,0,0,0,0,0,0,0,0010,0000,1
398,2,0,0,0,0,0,0,0,0,0,0,0,0,0,0,0,0,0100,0000,0
398,3,0,0,0,0,0,0,0,0,0,0,0,0,0,0,0,0,1000,0000,1
399,0,0,0,0,0,0,0,0,0,0,0,0,0,0,0,0,0,0100,0000,1
399,1,0,0,0,0,0,0,0,0,0,0,0,0,0,0,0,0,0010,0000,1
399,2,0,0,0,0,0,0,0,0,0,0,0,0,0,0,0,0,0100,0000,0
399,3,0,0,0,0,0,0,0,0,0,0,0,0,0,0,0,0,1000,0000,1
400,0,0,0,0,0,0,0,0,0,0,0,0,0,0,0,0,0,0100,0000,1
400,1,0,0,0,0,0,0,0,1,0,0,0,0,0,0,0,0,0010,0000,1
400,2,0,0,0,0,0,0,0,0,0,0,0,0,0,0,0,0,0100,0000,0
400,3,0,0,0,0,0,0,0,0,0,0,0,0,0,0,0,0,1000,0000,1
401,0,0,0,0,0,0,0,0,0,0,0,0,0,0,0,0,0,0100,0100,1
401,1,0,0,0,0,0,0,0,0,0,0,0,0,0,0,0,0,0010,0000,1
401,2,0,0,0,0,0,0,0,0,0,0,0,0,0,0,0,0,0100,0000,0
401,3,0,0,0,0,0,0,0,0,0,0,0,0,0,0,0,0,1000,0000,1
402,0,0,0,0,0,0,0,0,0,0,0,0,0,0,0,1,0,0100,0000,1
402,1,0,0,0,0,0,0,0,0,0,0,0,1,0,0,0,0,0010,0000,1
402,2,0,0,0,0,0,0,0,0,0,0,0,0,0,0,0,0,0100,0000,0
402,3,0,0,0,0,0,0,0,0,0,0,0,0,0,0,0,0,1000,0000,1
403,0,0,0,0,0,0,0,0,0,0,0,0,0,0,0,0,0,0000,0000,1
403,1,0,0,0,0,0,0,0,0,0,0,0,0,0,0,0,0,0010,0000,1
403,2,0,0,0,0,0,0,0,0,0,0,0,0,0,0,0,0,0100,0000,0
403,3,0,0,0,0,0,0,0,0,0,0,0,0,0,0,0,0,1000,0000,1
404,0,0,0,1,0,0,0,0,0,0,0,0,0,0,0,0,0,0100,0000,1
404,1,0,0,0,0,0,0,0,0,0,0,0,0,0,0,0,0,0010,0000,1
404,2,0,0,0,0,0,0,0,0,0,0,0,0,0,0,0,0,0100,0000,0
404,3,0,0,0,0,0,0,0,0,0,0,0,0,0,0,0,0,1000,0000,1
405,0,0,0,0,0,0,0,0,0,0,0,0,0,0,0,0,0,0100,0000,1
405,1,0,0,0,0,0,0,0,0,0,0,0,0,0,0,0,0,0010,0000,1
405,2,0,0,0,0,0,0,0,0,0,0,0,0,0,0,0,0,0100,0000,0
405,3,0,0,0,0,0,0,0,0,0,0,0,0,0,0,0,0,1000,0000,1
406,0,0,0,0,0,0,0,0,0,0,0,0,0,0,0,0,0,0100,0000,1
406,1,0,0,0,0,0,0,0,0,0,0,0,0,0,0,0,0,0010,0000,1
406,2,0,0,0,0,0,0,0,0,0,0,0,0,0,0,0,0,0100,0000,0
406,3,0,0,0,0,0,0,0,0,0,0,0,0,0,0,0,0,1000,0000,1
407,0,0,0,0,0,0,0,0,0,0,0,0,0,0,0,0,0,0100,0000,1
407,1,0,0,0,0,0,0,0,0,0,0,0,0,0,0,0,0,0010,0000,1
407,2,0,0,0,0,0,0,0,0,0,0,0,0,0,0,0,0,0100,0000,0
407,3,0,0,0,0,0,0,0,0,0,0,0,0,0,0,0,0,1000,0000,1
408,0,0,0,0,0,0,0,0,0,0,0,0,0,0,0,0,0,0100,0000,1
408,1,0,0,0,0,0,0,0,1,0,0,0,0,0,0,0,0,0010,0000,1
408,2,0,0,0,0,0,0,0,0,0,0,0,0,0,0,0,0,0100,0000,0
408,3,0,0,0,0,0,0,0,0,0,0,0,0,0,0,0,0,1000,0000,1
409,0,0,0,0,0,0,0,0,0,0,0,0,0,0,0,0,0,0100,0100,1
409,1,0,0,0,0,0,0,0,0,0,0,0,0,0,0,0,0,0010,0000,1
409,2,0,0,0,0,0,0,0,0,0,0,0,0,0,0,0,0,0100,0000,0
409,3,0,0,0,0,0,0,0,0,0,0,0,0,0,0,0,0,1000,0000,1
410,0,0,0,0,0,0,0,0,0,0,0,0,0,0,0,1,0,0100,0000,1
410,1,0,0,0,0,0,0,0,0,0,0,0,1,0,0,0,0,0010,0000,1
410,2,0,0,0,0,0,0,0,0,0,0,0,0,0,0,0,0,0100,0000,0
410,3,0,0,0,0,0,0,0,0,0,0,0,0,0,0,0,0,1000,0000,1
411,0,0,0,0,0,0,0,0,0,0,0,0,0,0,0,0,0,0000,0000,1
411,1,0,0,0,0,0,0,0,0,0,0,0,0,0,0,0,0,0010,0000,1
411,2,0,0,0,0,0,0,0,0,0,0,0,0,0,0,0,0,0100,0000,0
411,3,0,0,0,0,0,0,0,0,0,0,0,0,0,0,0,0,1000,0000,1
412,0,0,0,1,0,0,0,0,0,0,0,0,0,0,0,0,0,0100,0000,1
412,1,0,0,0,0,0,0,0,0,0,0,0,0,0,0,0,0,0010,0000,1
412,2,0,0,0,0,0,0,0,0,0,0,0,0,0,0,0,0,0100,0000,0
412,3,0,0,0,0,0,0,0,0,0,0,0,0,0,0,0,0,1000,0000,1
413,0,0,0,0,0,0,0,0,0,0,0,0,0,0,0,0,0,0100,0000,1
413,1,0,0,0,0,0,0,0,0,0,0,0,0,0,0,0,0,0010,0000,1
413,2,0,0,0,0,0,0,0,0,0,0,0,0,0,0,0,0,0100,0000,0
413,3,0,0,0,0,0,0,0,0,0,0,0,0,0,0,0,0,1000,0000,1
414,0,0,0,0,0,0,0,0,0,0,0,0,0,0,0,0,0,0100,0000,1
414,1,0,0,0,0,0,0,0,0,0,0,0,0,0,0,0,0,0010,0000,1
414,2,0,0,0,0,0,0,0,0,0,0,0,0,0,0,0,0,0100,0000,0
414,3,0,0,0,0,0,0,0,0,0,0,0,0,0,0,0,0,1000,0000,1
415,0,0,0,0,0,0,0,0,0,0,0,0,0,0,0,0,0,0100,0000,1
415,1,0,0,0,0,0,0,0,0,0,0,0,0,0,0,0,0,0010,0000,1
415,2,0,0,0,0,0,0,0,0,0,0,0,0,0,0,0,0,0100,0000,0
415,3,0,0,0,0,0,0,0,0,0,0,0,0,0,0,0,0,1000,0000,1
416,0,0,0,0,0,0,0,0,0,0,0,0,0,0,0,0,0,0100,0000,1
416,1,0,0,0,0,0,0,0,1,0,0,0,0,0,0,0,0,0010,0000,1
416,2,0,0,0,0,0,0,0,0,0,0,0,0,0,0,0,0,0100,0000,0
416,3,0,0,0,0,0,0,0,0,0,0,0,0,0,0,0,0,1000,0000,1
417,0,0,0,0,0,0,0,0,0,0,0,0,0,0,0,0,0,0100,0100,1
417,1,0,0,0,0,0,0,0,0,0,0,0,0,0,0,0,0,0010,0000,1
417,2,0,0,0,0,0,0,0,0,0,0,0,0,0,0,0,0,0100,0000,0
417,3,0,0,0,0,0,0,0,0,0,0,0,0,0,0,0,0,1000,0000,1
418,0,0,0,0,0,0,0,0,0,0,0,0,0,0,0,1,0,0100,0000,1
418,1,0,0,0,0,0,0,0,0,0,0,0,1,0,0,0,0,0010,0000,1
418,2,0,0,0,0,0,0,0,0,0,0,0,0,0,0,0,0,0100,0000,0
418,3,0,0,0,0,0,0,0,0,0,0,0,0,0,0,0,0,1000,0000,1
419,0,0,0,0,0,0,0,0,0,0,0,0,0,0,0,0,0,0000,0000,1
419,1,0,0,0,0,0,0,0,0,0,0,0,0,0,0,0,0,0010,0000,1
419,2,0,0,0,0,0,0,0,0,0,0,0,0,0,0,0,0,0100,0000,0
419,3,0,0,0,0,0,0,0,0,0,0,0,0,0,0,0,0,1000,0000,1
420,0,0,0,1,0,0,0,0,0,0,0,0,0,0,0,0,0,0100,0000,1
420,1,0,0,0,0,0,0,0,0,0,0,0,0,0,0,0,0,0010,0000,1
420,2,0,0,0,0,0,0,0,0,0,0,0,0,0,0,0,0,0100,0000,0
420,3,0,0,0,0,0,0,0,0,0,0,0,0,0,0,0,0,1000,0000,1
421,0,0,0,0,0,0,0,0,0,0,0,0,0,0,0,0,0,0010,0000,1
421,1,0,0,0,0,0,0,0,0,0,0,0,0,0,0,0,0,0010,0000,1
421,2,0,0,0,0,0,0,0,0,0,0,0,0,0,0,0,0,0100,0000,0
421,3,0,0,0,0,0,0,0,0,0,0,0,0,0,0,0,0,1000,0000,1
422,0,0,0,0,0,0,0,0,0,0,0,0,0,0,0,0,0,0010,0010,1
422,1,0,0,0,0,0,0,0,0,0,0,0,0,0,0,0,0,0010,0000,1
422,2,0,0,0,0,0,0,0,0,0,0,0,0,0,0,0,0,0100,0000,0
422,3,0,0,0,0,0,0,0,0,0,0,0,0,0,0,0,0,1000,0000,1
423,0,0,0,0,0,0,0,0,0,0,0,0,0,0,1,0,0,0010,0000,1
423,1,0,0,0,0,0,0,0,0,0,0,0,0,0,0,0,0,0010,0000,1
423,2,0,0,0,0,0,0,0,0,0,0,0,0,0,0,0,0,0100,0000,0
423,3,0,0,0,0,0,0,0,0,0,0,0,0,0,0,0,0,1000,0000,1
424,0,0,0,0,0,0,0,0,0,0,0,0,0,0,0,0,0,0000,0000,1
424,1,0,0,0,0,0,0,0,1,0,0,0,0,0,0,0,0,0010,0000,1
424,2,0,0,0,0,0,0,0,0,0,0,0,0,0,0,0,0,0100,0000,0
424,3,0,0,0,0,0,0,0,0,0,0,0,0,0,0,0,0,1000,0000,1
425,0,0,1,0,0,0,0,0,0,0,0,0,0,0,0,0,0,0000,0000,1
425,1,0,0,0,0,0,0,0,0,0,0,0,0,0,0,0,0,0010,0000,1
425,2,0,0,0,0,0,0,0,0,0,0,0,0,0,0,0,0,0100,0000,0
425,3,0,0,0,0,0,0,0,0,0,0,0,0,0,0,0,0,1000,0000,1
426,0,0,0,0,0,0,0,0,0,0,0,0,0,0,0,0,0,0000,0000,1
426,1,0,0,0,0,0,0,0,0,0,0,0,1,0,0,0,0,0010,0000,1
426,2,0,0,0,0,0,0,0,0,0,0,0,0,0,0,0,0,0100,0000,0
426,3,0,0,0,0,0,0,0,0,0,0,0,0,0,0,0,0,1000,0000,1
427,0,0,0,0,0,0,0,0,0,0,0,0,0,0,0,0,0,0000,0000,1
427,1,0,0,0,0,0,0,0,0,0,0,0,0,0,0,0,0,0010,0000,1
427,2,0,0,0,0,0,0,0,0,0,0,0,0,0,0,0,0,0100,0000,0
427,3,0,0,0,0,0,0,0,0,0,0,0,0,0,0,0,0,1000,0000,1
428,0,0,0,0,0,0,0,0,0,0,0,0,0,0,0,0,0,0000,0000,1
428,1,0,0,0,0,0,0,0,0,0,0,0,0,0,0,0,0,0010,0000,1
428,2,0,0,0,0,0,0,0,0,0,0,0,0,0,0,0,0,0100,0000,0
428,3,0,0,0,0,0,0,0,0,0,0,0,0,0,0,0,0,1000,0000,1
429,0,0,0,0,0,0,0,0,0,0,0,0,0,0,0,0,0,0000,0000,1
429,1,0,0,0,0,0,0,0,0,0,0,0,0,0,0,0,0,0010,0000,1
429,2,0,0,0,0,1,0,0,0,0,0,0,0,0,0,0,0,0100,0000,0
429,3,0,0,0,0,0,0,0,0,0,0,0,0,0,0,0,0,1000,0000,1
430,0,0,0,0,0,0,0,0,0,0,0,0,0,0,0,0,0,0000,0000,1
430,1,0,0,0,0,0,0,0,0,0,0,0,0,0,0,0,0,0010,0000,1
430,2,0,0,0,0,0,0,0,0,0,0,0,0,0,0,0,0,0100,0000,0
430,3,0,0,0,0,0,0,0,0,0,0,0,0,0,0,0,0,1000,1000,1
431,0,0,0,0,0,0,0,0,0,0,0,0,0,0,0,0,0,0000,0000,1
431,1,0,0,0,0,0,0,0,0,0,0,0,0,0,0,0,0,0010,0000,1
431,2,0,0,0,0,0,0,0,0,1,0,0,0,0,0,0,0,0100,0000,0
431,3,0,0,0,0,0,0,0,0,0,0,0,0,0,0,0,1,1000,0000,1
432,0,0,0,0,0,0,0,0,0,0,0,0,0,0,0,0,0,0000,0000,1
432,1,0,0,0,0,0,0,0,0,0,0,0,0,0,0,0,0,0010,0000,1
432,2,0,0,0,0,0,0,0,0,0,0,0,0,0,0,0,0,0100,0000,0
432,3,0,0,0,0,0,0,0,0,0,0,0,0,0,0,0,0,0000,0000,1
433,0,0,0,0,0,0,0,0,0,0,0,0,0,0,0,0,0,0000,0000,1
433,1,0,0,0,0,0,0,0,0,0,0,0,0,0,0,0,0,0010,0000,1
433,2,0,0,0,0,0,0,0,0,0,0,0,0,0,0,0,0,0100,0000,0
433,3,0,0,0,1,0,0,0,0,0,0,0,0,0,0,0,0,1000,0000,1
434,0,0,0,0,0,0,0,0,0,0,0,0,0,0,0,0,0,0000,0000,1
434,1,0,0,0,0,0,0,0,0,0,0,0,0,0,0,0,0,0010,0000,1
434,2,0,0,0,0,0,0,0,0,0,0,0,0,0,0,0,0,0100,0000,0
434,3,0,0,0,0,0,0,0,0,0,0,0,0,0,0,0,0,0000,0000,1
435,0,0,0,0,0,0,0,0,0,0,0,0,0,0,0,0,0,0000,0000,1
435,1,0,0,0,0,0,0,0,0,0,0,0,0,0,0,0,0,0010,0000,1
435,2,0,0,0,0,0,0,0,0,0,0,0,0,0,0,0,0,0100,0000,0
435,3,0,0,0,0,0,0,0,0,0,0,0,0,0,0,0,0,1000,0000,1
436,0,0,0,0,0,0,0,0,0,0,0,0,0,0,0,0,0,0000,0000,1
436,1,0,0,0,0,0,0,0,0,0,0,0,0,0,0,0,0,0010,0000,1
436,2,0,0,0,0,0,0,0,0,0,0,0,0,0,0,0,0,0100,0000,0
436,3,0,0,0,0,0,0,0,0,0,0,0,0,0,0,0,0,0000,0000,1
437,0,0,0,0,0,0,0,0,0,0,0,0,0,0,0,0,0,0000,0000,1
437,1,0,0,0,0,0,0,0,0,0,0,0,0,0,0,0,0,0010,0000,1
437,2,0,0,0,0,0,0,1,0,0,0,0,0,0,0,0,0,0100,0000,0
437,3,0,0,0,0,0,0,0,0,0,0,0,0,0,0,0,0,0000,0000,1
438,0,0,0,0,0,0,0,0,0,0,0,0,0,0,0,0,0,0000,0000,1
438,1,0,0,0,0,0,0,0,0,0,0,0,0,0,0,0,0,0010,0010,1
438,2,0,0,0,0,0,0,0,0,0,0,0,0,0,0,0,0,0100,0000,0
438,3,0,0,0,0,0,0,0,0,0,0,0,0,0,0,0,0,0000,0000,1
439,0,0,0,0,0,0,0,0,0,0,0,0,0,0,0,0,0,0000,0000,1
439,1,0,0,0,0,0,0,0,0,0,0,0,0,0,1,0,0,0010,0000,1
439,2,0,0,0,0,0,0,0,0,0,0,1,0,0,0,0,0,0100,0000,0
439,3,0,0,0,0,0,0,0,0,0,0,0,0,0,0,0,0,0000,0000,1
440,0,0,0,0,0,0,0,0,0,0,0,0,0,0,0,0,0,0000,0000,1
440,1,0,0,0,0,0,0,0,0,0,0,0,0,0,0,0,0,0000,0000,1
440,2,0,0,0,0,0,0,0,0,0,0,0,0,0,0,0,0,0100,0000,0
440,3,0,0,0,0,0,0,0,0,0,0,0,0,0,0,0,0,0000,0000,1
441,0,0,0,0,0,0,0,0,0,0,0,0,0,0,0,0,0,0000,0000,1
441,1,0,1,0,0,0,0,0,0,0,0,0,0,0,0,0,0,0010,0000,1
441,2,0,0,0,0,0,0,0,0,0,0,0,0,0,0,0,0,0100,0000,0
441,3,0,0,0,0,0,0,0,0,0,0,0,0,0,0,0,0,0000,0000,1
442,0,0,0,0,0,0,0,0,0,0,0,0,0,0,0,0,0,0000,0000,1
442,1,0,0,0,0,0,0,0,0,0,0,0,0,0,0,0,0,0010,0000,1
442,2,0,0,0,0,0,0,0,0,0,0,0,0,0,0,0,0,0100,0000,0
442,3,0,0,0,0,0,0,0,0,0,0,0,0,0,0,0,0,0000,0000,1
443,0,0,0,0,0,0,0,0,0,0,0,0,0,0,0,0,0,0000,0000,1
443,1,0,0,0,0,0,0,0,0,0,0,0,0,0,0,0,0,0010,0000,1
443,2,0,0,0,0,0,0,0,0,0,0,0,0,0,0,0,0,0100,0000,0
443,3,0,0,0,0,0,0,0,0,0,0,0,0,0,0,0,0,0000,0000,1
444,0,0,0,0,0,0,0,0,0,0,0,0,0,0,0,0,0,0000,0000,1
444,1,0,0,0,0,0,0,0,0,0,0,0,0,0,0,0,0,0010,0000,1
444,2,0,0,0,0,0,0,0,0,0,0,0,0,0,0,0,0,0100,0000,0
444,3,0,0,0,0,0,0,0,0,0,0,0,0,0,0,0,0,0000,0000,1
445,0,0,0,0,0,0,0,0,0,0,0,0,0,0,0,0,0,0000,0000,1
445,1,0,0,0,0,0,0,0,0,0,0,0,0,0,0,0,0,0010,0000,1
445,2,0,0,0,0,0,0,0,0,0,0,0,0,0,0,0,0,0100,0000,0
445,3,0,0,0,0,1,0,0,0,0,0,0,0,0,0,0,0,0000,0000,1
446,0,0,0,0,0,0,0,0,0,0,0,0,0,0,0,0,0,0000,0000,1
446,1,0,0,0,0,0,0,0,0,0,0,0,0,0,0,0,0,0010,0000,1
446,2,0,0,0,0,0,0,0,0,0,0,0,0,0,0,0,0,0100,0000,0
446,3,0,0,0,0,0,0,0,0,0,0,0,0,0,0,0,0,0000,0000,1
447,0,0,0,0,0,0,0,0,0,0,0,0,0,0,0,0,0,0000,0000,1
447,1,0,0,0,0,0,0,0,0,0,0,0,0,0,0,0,0,0010,0000,1
447,2,0,0,0,0,0,0,0,0,0,0,0,0,0,0,0,0,0100,0000,0
447,3,0,0,0,0,0,0,0,0,1,0,0,0,0,0,0,0,0000,0000,1
448,0,0,0,0,0,0,0,0,0,0,0,0,0,0,0,0,0,0000,0000,1
448,1,0,0,0,0,0,0,0,0,0,0,0,0,0,0,0,0,0010,0000,1
448,2,0,0,0,0,0,0,0,0,0,0,0,0,0,0,0,0,0100,0000,0
448,3,0,0,0,0,0,0,0,0,0,0,0,0,0,0,0,0,0000,0000,1
449,0,0,0,0,0,0,0,0,0,0,0,0,0,0,0,0,0,0000,0000,1
449,1,0,0,0,0,0,0,0,0,0,0,0,0,0,0,0,0,0010,0000,1
449,2,0,0,0,0,0,0,0,0,0,0,0,0,0,0,0,0,0100,0000,0
449,3,0,0,0,0,0,0,0,0,0,0,0,0,0,0,0,0,0000,0000,1
450,0,0,0,0,0,0,0,0,0,0,0,0,0,0,0,0,0,0000,0000,1
450,1,0,0,0,0,0,0,0,0,0,0,0,0,0,0,0,0,0010,0000,1
450,2,0,0,0,0,0,0,0,0,0,0,0,0,0,0,0,0,0100,0000,0
450,3,0,0,0,0,0,0,0,0,0,0,0,0,0,0,0,0,1000,0000,1
451,0,0,0,0,0,0,0,0,0,0,0,0,0,0,0,0,0,0000,0000,1
451,1,0,0,0,0,0,0,0,0,0,0,0,0,0,0,0,0,0010,0000,1
451,2,0,0,0,0,0,0,0,0,0,0,0,0,0,0,0,0,0100,0000,0
451,3,0,0,0,0,0,0,0,0,0,0,0,0,0,0,0,0,0000,0000,1
452,0,0,0,0,0,0,0,0,0,0,0,0,0,0,0,0,0,0000,0000,1
452,1,0,0,0,0,0,0,0,0,0,0,0,0,0,0,0,0,0010,0000,1
452,2,0,0,0,0,0,0,0,0,0,0,0,0,0,0,0,0,0100,0000,0
452,3,0,0,0,0,0,0,0,0,0,0,0,0,0,0,0,0,0000,0000,1
453,0,0,0,0,0,0,0,0,0,0,0,0,0,0,0,0,0,0000,0000,1
453,1,0,0,0,0,0,0,0,0,0,0,0,0,0,0,0,0,0010,0000,1
453,2,0,0,0,0,0,0,0,0,0,0,0,0,0,0,0,0,0100,0000,0
453,3,0,0,0,0,0,0,0,0,0,0,0,0,0,0,0,0,0000,0000,1
454,0,0,0,0,0,0,0,0,0,0,0,0,0,0,0,0,0,0000,0000,1
454,1,0,0,0,0,0,0,0,0,0,0,0,0,0,0,0,0,0010,0000,1
454,2,0,0,0,0,0,0,0,0,0,0,0,0,0,0,0,0,0100,0000,0
454,3,0,0,0,0,0,0,0,0,0,0,0,0,0,0,0,0,0000,0000,1
455,0,0,0,0,0,0,0,0,0,0,0,0,0,0,0,0,0,0000,0000,1
455,1,0,0,0,0,0,0,0,0,0,0,0,0,0,0,0,0,0010,0000,1
455,2,0,0,0,0,0,0,0,0,0,0,0,0,0,0,0,0,0100,0000,0
455,3,0,0,0,0,0,0,0,0,0,0,0,0,0,0,0,0,0000,0000,1
456,0,0,0,0,0,0,0,0,0,0,0,0,0,0,0,0,0,0000,0000,1
456,1,0,0,0,0,0,0,0,0,0,0,0,0,0,0,0,0,0010,0000,1
456,2,0,0,0,0,0,0,0,0,0,0,0,0,0,0,0,0,0100,0000,0
456,3,0,0,0,0,0,0,0,0,0,0,0,0,0,0,0,0,0000,0000,1
457,0,0,0,0,0,0,0,0,0,0,0,0,0,0,0,0,0,0000,0000,1
457,1,0,0,0,0,0,0,0,0,0,0,0,0,0,0,0,0,0010,0000,1
457,2,0,0,0,0,0,0,0,0,0,0,0,0,0,0,0,0,0100,0000,0
457,3,0,0,0,0,0,0,0,0,0,0,0,0,0,0,0,0,0000,0000,1
458,0,0,0,0,0,0,0,0,0,0,0,0,0,0,0,0,0,0000,0000,1
458,1,0,0,0,0,0,0,0,0,0,0,0,0,0,0,0,0,0010,0000,1
458,2,0,0,0,0,0,0,0,0,0,0,0,0,0,0,0,0,0100,0000,0
458,3,0,0,0,0,0,0,0,0,0,0,0,0,0,0,0,0,0000,0000,1
459,0,0,0,0,0,0,0,0,0,0,0,0,0,0,0,0,0,0010,0000,1
459,1,0,0,0,0,0,0,0,0,0,0,0,0,0,0,0,0,0010,0000,1
459,2,0,0,0,0,0,0,0,0,0,0,0,0,0,0,0,0,0100,0000,0
459,3,0,0,0,0,0,0,0,0,0,0,0,0,0,0,0,0,0000,0000,1
460,0,0,0,0,0,0,0,0,0,0,0,0,0,0,0,0,0,0100,0010,1
460,1,0,0,0,0,0,0,0,0,0,0,0,0,0,0,0,0,0010,0000,1
460,2,0,0,0,0,0,0,0,0,0,0,0,0,0,0,0,0,0100,0000,0
460,3,0,0,0,0,0,0,0,0,0,0,0,0,0,0,0,0,0000,0000,1
461,0,0,0,0,0,0,0,0,0,0,0,0,0,0,0,0,0,0100,0100,1
461,1,0,0,0,0,0,0,0,0,0,0,0,0,0,0,0,0,0010,0000,1
461,2,0,0,0,0,0,0,0,0,0,0,0,0,0,0,0,0,0100,0000,0
461,3,0,0,0,0,0,0,0,0,0,0,0,0,0,0,0,0,0000,0000,1
462,0,0,0,0,0,0,0,0,0,0,0,0,0,0,0,1,0,0100,0000,1
462,1,0,0,0,0,0,0,0,0,0,0,0,0,0,0,0,0,0010,0000,1
462,2,0,0,0,0,0,0,0,0,0,0,0,0,0,0,0,0,0100,0000,0
462,3,0,0,0,0,0,0,0,0,0,0,0,0,0,0,0,0,0000,0000,1
463,0,0,0,0,0,0,0,0,0,0,0,0,0,0,0,0,0,0000,0000,1
463,1,0,0,0,0,0,0,0,0,0,0,0,0,0,0,0,0,0010,0000,1
463,2,0,0,0,0,0,0,0,0,0,0,0,0,0,0,0,0,0100,0000,0
463,3,0,0,0,0,0,0,0,0,0,0,0,0,0,0,0,0,0000,0000,1
464,0,0,0,1,0,0,0,0,0,0,0,0,0,0,0,0,0,0000,0000,1
464,1,0,0,0,0,0,0,0,0,0,0,0,0,0,0,0,0,0010,0000,1
464,2,0,0,0,0,0,0,0,0,0,0,0,0,0,0,0,0,0100,0000,0
464,3,0,0,0,0,0,0,0,0,0,0,0,0,0,0,0,0,1000,0000,1
465,0,0,0,0,0,0,0,0,0,0,0,0,0,0,0,0,0,0000,0000,1
465,1,0,0,0,0,0,0,0,0,0,0,0,0,0,0,0,0,0010,0000,1
465,2,0,0,0,0,0,0,0,0,0,0,0,0,0,0,0,0,0100,0000,0
465,3,0,0,0,0,0,0,0,0,0,0,0,0,0,0,0,0,1000,0000,1
466,0,0,0,0,0,0,0,0,0,0,0,0,0,0,0,0,0,0000,0000,1
466,1,0,0,0,0,0,0,0,0,0,0,0,0,0,0,0,0,0010,0000,1
466,2,0,0,0,0,0,0,0,0,0,0,0,0,0,0,0,0,0100,0000,0
466,3,0,0,0,0,0,0,0,0,0,0,0,0,0,0,0,0,1000,0000,1
467,0,0,0,0,0,0,0,0,0,0,0,0,0,0,0,0,0,0000,0000,1
467,1,0,0,0,0,0,0,0,0,0,0,0,0,0,0,0,0,0010,0000,1
467,2,0,0,0,0,0,0,0,0,0,0,0,0,0,0,0,0,0100,0000,0
467,3,0,0,0,0,0,0,0,0,0,0,0,0,0,0,0,0,1000,0000,1
468,0,0,0,0,0,0,0,0,0,0,0,0,0,0,0,0,0,0000,0000,1
468,1,0,0,0,0,0,0,0,1,0,0,0,0,0,0,0,0,0010,0000,1
468,2,0,0,0,0,0,0,0,0,0,0,0,0,0,0,0,0,0100,0000,0
468,3,0,0,0,0,0,0,0,0,0,0,0,0,0,0,0,0,1000,0000,1
469,0,0,0,0,0,0,0,0,0,0,0,0,0,0,0,0,0,0000,0000,1
469,1,0,0,0,0,0,0,0,0,0,0,0,0,0,0,0,0,0010,0000,1
469,2,0,0,0,0,0,0,0,0,0,0,0,0,0,0,0,0,0100,0000,0
469,3,0,0,0,0,0,0,0,0,0,0,0,0,0,0,0,0,1000,0000,1
470,0,0,0,0,0,0,0,0,0,0,0,0,0,0,0,0,0,0000,0000,1
470,1,0,0,0,0,0,0,0,0,0,0,0,1,0,0,0,0,0010,0000,1
470,2,0,0,0,0,0,0,0,0,0,0,0,0,0,0,0,0,0100,0000,0
470,3,0,0,0,0,0,0,0,0,0,0,0,0,0,0,0,0,1000,0000,1
471,0,0,0,0,0,0,0,0,0,0,0,0,0,0,0,0,0,0000,0000,1
471,1,0,0,0,0,0,0,0,0,0,0,0,0,0,0,0,0,0010,0000,1
471,2,0,0,0,0,0,0,0,0,0,0,0,0,0,0,0,0,0100,0000,0
471,3,0,0,0,0,0,0,0,0,0,0,0,0,0,0,0,0,1000,0000,1
472,0,0,0,0,0,0,0,0,0,0,0,0,0,0,0,0,0,0000,0000,1
472,1,0,0,0,0,0,0,0,0,0,0,0,0,0,0,0,0,0010,0000,1
472,2,0,0,0,0,0,0,0,0,0,0,0,0,0,0,0,0,0100,0000,0
472,3,0,0,0,0,0,0,0,0,0,0,0,0,0,0,0,0,1000,0000,1
473,0,0,0,0,0,0,0,0,0,0,0,0,0,0,0,0,0,0000,0000,1
473,1,0,0,0,0,0,0,0,0,0,0,0,0,0,0,0,0,0010,0000,1
473,2,0,0,0,0,0,0,0,0,0,0,0,0,0,0,0,0,0100,0000,0
473,3,0,0,0,0,0,0,0,0,0,0,0,0,0,0,0,0,1000,0000,1
474,0,0,0,0,0,0,0,0,0,0,0,0,0,0,0,0,0,0000,0000,1
474,1,0,0,0,0,0,0,0,0,0,0,0,0,0,0,0,0,0010,0000,1
474,2,0,0,0,0,0,0,0,0,0,0,0,0,0,0,0,0,0100,0000,0
474,3,0,0,0,0,0,0,0,0,0,0,0,0,0,0,0,0,1000,0000,1
475,0,0,0,0,0,0,0,0,0,0,0,0,0,0,0,0,0,0000,0000,1
475,1,0,0,0,0,0,0,0,0,0,0,0,0,0,0,0,0,0010,0000,1
475,2,0,0,0,0,0,0,0,0,0,0,0,0,0,0,0,0,0100,0000,0
475,3,0,0,0,0,0,0,0,0,0,0,0,0,0,0,0,0,1000,0000,1
476,0,0,0,0,0,0,0,0,0,0,0,0,0,0,0,0,0,0000,0000,1
476,1,0,0,0,0,0,0,0,0,0,0,0,0,0,0,0,0,0010,0000,1
476,2,0,0,0,0,0,0,0,0,0,0,0,0,0,0,0,0,0100,0000,0
476,3,0,0,0,0,0,0,0,0,0,0,0,0,0,0,0,0,1000,0000,1
477,0,0,0,0,0,0,0,0,0,0,0,0,0,0,0,0,0,0000,0000,1
477,1,0,0,0,0,0,0,0,0,0,0,0,0,0,0,0,0,0010,0000,1
477,2,0,0,0,0,0,0,0,0,0,0,0,0,0,0,0,0,0100,0000,0
477,3,0,0,0,0,0,0,0,0,0,0,0,0,0,0,0,0,1000,0000,1
478,0,0,0,0,0,0,0,0,0,0,0,0,0,0,0,0,0,0000,0000,1
478,1,0,0,0,0,0,0,0,0,0,0,0,0,0,0,0,0,0010,0000,1
478,2,0,0,0,0,0,0,0,0,0,0,0,0,0,0,0,0,0100,0000,0
478,3,0,0,0,0,0,0,0,0,0,0,0,0,0,0,0,0,1000,0000,1
479,0,0,0,0,0,0,0,0,0,0,0,0,0,0,0,0,0,0000,0000,1
479,1,0,0,0,0,0,0,0,0,0,0,0,0,0,0,0,0,0010,0000,1
479,2,0,0,0,0,0,0,0,0,0,0,0,0,0,0,0,0,0100,0000,0
479,3,0,0,0,0,0,0,0,0,0,0,0,0,0,0,0,0,1000,0000,1
480,0,0,0,0,0,0,0,0,0,0,0,0,0,0,0,0,0,0000,0000,1
480,1,0,0,0,0,0,0,0,0,0,0,0,0,0,0,0,0,0010,0000,0
480,2,0,0,0,0,0,0,0,0,0,0,0,0,0,0,0,0,0100,0000,0
480,3,0,0,0,0,0,0,0,0,0,0,0,0,0,0,0,0,1000,0000,1
481,0,0,0,0,0,0,0,0,0,0,0,0,0,0,0,0,0,0000,0000,1
481,1,0,0,0,0,0,0,0,0,0,0,0,0,0,0,0,0,0010,0000,0
481,2,0,0,0,0,0,0,0,0,0,0,0,0,0,0,0,0,0100,0000,0
481,3,0,0,0,0,0,0,0,0,0,0,0,0,0,0,0,0,1000,0000,1
482,0,0,0,0,0,0,0,0,0,0,0,0,0,0,0,0,0,0000,0000,1
482,1,0,0,0,0,0,0,0,0,0,0,0,0,0,0,0,0,0010,0000,0
482,2,0,0,0,0,0,0,0,0,0,0,0,0,0,0,0,0,0100,0000,0
482,3,0,0,0,0,0,0,0,0,0,0,0,0,0,0,0,0,1000,0000,1
483,0,0,0,0,0,0,0,0,0,0,0,0,0,0,0,0,0,0000,0000,1
483,1,0,0,0,0,0,0,0,0,0,0,0,0,0,0,0,0,0010,0000,0
483,2,0,0,0,0,0,0,0,0,0,0,0,0,0,0,0,0,0100,0000,0
483,3,0,0,0,0,0,0,0,0,0,0,0,0,0,0,0,0,1000,0000,1
484,0,0,0,0,0,0,0,0,0,0,0,0,0,0,0,0,0,0000,0000,1
484,1,0,0,0,0,0,0,0,0,0,0,0,0,0,0,0,0,0010,0000,0
484,2,0,0,0,0,0,0,0,0,0,0,0,0,0,0,0,0,0100,0000,0
484,3,0,0,0,0,0,0,0,0,0,0,0,0,0,0,0,0,1000,0000,1
485,0,0,0,0,0,0,0,0,0,0,0,0,0,0,0,0,0,0000,0000,1
485,1,0,0,0,0,0,0,0,0,0,0,0,0,0,0,0,0,0010,0000,0
485,2,0,0,0,0,0,0,0,0,0,0,0,0,0,0,0,0,0100,0000,0
485,3,0,0,0,0,0,0,0,0,0,0,0,0,0,0,0,0,1000,0000,1
486,0,0,0,0,0,0,0,0,0,0,0,0,0,0,0,0,0,0000,0000,1
486,1,0,0,0,0,0,0,0,0,0,0,0,0,0,0,0,0,0010,0000,0
486,2,0,0,0,0,0,0,0,0,0,0,0,0,0,0,0,0,0100,0000,0
486,3,0,0,0,0,0,0,0,0,0,0,0,0,0,0,0,0,1000,0000,1
487,0,0,0,0,0,0,0,0,0,0,0,0,0,0,0,0,0,0000,0000,1
487,1,0,0,0,0,0,0,0,0,0,0,0,0,0,0,0,0,0010,0000,0
487,2,0,0,0,0,0,0,0,0,0,0,0,0,0,0,0,0,0100,0000,0
487,3,0,0,0,0,0,0,0,0,0,0,0,0,0,0,0,0,1000,0000,1
488,0,0,0,0,0,0,0,0,0,0,0,0,0,0,0,0,0,0000,0000,1
488,1,0,0,0,0,0,0,0,0,0,0,0,0,0,0,0,0,0010,0000,0
488,2,0,0,0,0,0,0,0,0,0,0,0,0,0,0,0,0,0100,0000,0
488,3,0,0,0,0,0,0,0,0,0,0,0,0,0,0,0,0,1000,0000,1
489,0,0,0,0,0,0,0,0,0,0,0,0,0,0,0,0,0,0000,0000,1
489,1,0,0,0,0,0,0,0,0,0,0,0,0,0,0,0,0,0010,0000,0
489,2,0,0,0,0,0,0,0,0,0,0,0,0,0,0,0,0,0100,0000,0
489,3,0,0,0,0,0,0,0,0,0,0,0,0,0,0,0,0,1000,0000,1
490,0,0,0,0,0,0,0,0,0,0,0,0,0,0,0,0,0,0000,0000,1
490,1,0,0,0,0,0,0,0,0,0,0,0,0,0,0,0,0,0010,0000,0
490,2,0,0,0,0,0,0,0,0,0,0,0,0,0,0,0,0,0100,0000,0
490,3,0,0,0,0,0,0,0,0,0,0,0,0,0,0,0,0,1000,0000,1
491,0,0,0,0,0,0,0,0,0,0,0,0,0,0,0,0,0,0000,0000,1
491,1,0,0,0,0,0,0,0,0,0,0,0,0,0,0,0,0,0010,0000,0
491,2,0,0,0,0,0,0,0,0,0,0,0,0,0,0,0,0,0100,0000,0
491,3,0,0,0,0,0,0,0,0,0,0,0,0,0,0,0,0,1000,0000,1
492,0,0,0,0,0,0,0,0,0,0,0,0,0,0,0,0,0,0000,0000,1
492,1,0,0,0,0,0,0,0,0,0,0,0,0,0,0,0,0,0010,0000,0
492,2,0,0,0,0,0,0,0,0,0,0,0,0,0,0,0,0,0100,0000,0
492,3,0,0,0,0,0,0,0,0,0,0,0,0,0,0,0,0,1000,0000,1
493,0,0,0,0,0,0,0,0,0,0,0,0,0,0,0,0,0,0000,0000,1
493,1,0,0,0,0,0,0,0,0,0,0,0,0,0,0,0,0,0010,0000,0
493,2,0,0,0,0,0,0,0,0,0,0,0,0,0,0,0,0,0100,0000,0
493,3,0,0,0,0,0,0,0,0,0,0,0,0,0,0,0,0,1000,0000,1
494,0,0,0,0,0,0,0,0,0,0,0,0,0,0,0,0,0,0000,0000,1
494,1,0,0,0,0,0,0,0,0,0,0,0,0,0,0,0,0,0010,0000,0
494,2,0,0,0,0,0,0,0,0,0,0,0,0,0,0,0,0,0100,0000,0
494,3,0,0,0,0,0,0,0,0,0,0,0,0,0,0,0,0,1000,0000,1
495,0,0,0,0,0,0,0,0,0,0,0,0,0,0,0,0,0,0000,0000,1
495,1,0,0,0,0,0,0,0,0,0,0,0,0,0,0,0,0,0010,0000,0
495,2,0,0,0,0,0,0,0,0,0,0,0,0,0,0,0,0,0100,0000,0
495,3,0,0,0,0,0,0,0,0,0,0,0,0,0,0,0,0,1000,0000,1
496,0,0,0,0,0,0,0,0,0,0,0,0,0,0,0,0,0,0000,0000,1
496,1,0,0,0,0,0,0,0,0,0,0,0,0,0,0,0,0,0010,0000,0
496,2,0,0,0,0,0,0,0,0,0,0,0,0,0,0,0,0,0100,0000,0
496,3,0,0,0,0,0,0,0,0,0,0,0,0,0,0,0,0,1000,0000,1
497,0,0,0,0,0,0,0,0,0,0,0,0,0,0,0,0,0,0000,0000,1
497,1,0,0,0,0,0,0,0,0,0,0,0,0,0,0,0,0,0010,0000,0
497,2,0,0,0,0,0,0,0,0,0,0,0,0,0,0,0,0,0100,0000,0
497,3,0,0,0,0,0,0,0,0,0,0,0,0,0,0,0,0,1000,0000,1
498,0,0,0,0,0,0,0,0,0,0,0,0,0,0,0,0,0,0000,0000,1
498,1,0,0,0,0,0,0,0,0,0,0,0,0,0,0,0,0,0010,0000,0
498,2,0,0,0,0,0,0,0,0,0,0,0,0,0,0,0,0,0100,0000,0
498,3,0,0,0,0,0,0,0,0,0,0,0,0,0,0,0,0,1000,0000,1
499,0,0,0,0,0,0,0,0,0,0,0,0,0,0,0,0,0,0000,0000,1
499,1,0,0,0,0,0,0,0,0,0,0,0,0,0,0,0,0,0010,0000,0
499,2,0,0,0,0,0,0,0,0,0,0,0,0,0,0,0,0,0100,0000,0
499,3,0,0,0,0,0,0,0,0,0,0,0,0,0,0,0,0,1000,0000,1
500,0,0,0,0,0,0,0,0,0,0,0,0,0,0,0,0,0,0100,0000,1
500,1,0,0,0,0,0,0,0,0,0,0,0,0,0,0,0,0,0010,0000,0
500,2,0,0,0,0,0,0,0,0,0,0,0,0,0,0,0,0,0100,0000,0
500,3,0,0,0,0,0,0,0,0,0,0,0,0,0,0,0,0,1000,0000,1
501,0,0,0,0,0,0,0,0,0,0,0,0,0,0,0,0,0,0100,0100,1
501,1,0,0,0,0,0,0,0,0,0,0,0,0,0,0,0,0,0010,0000,0
501,2,0,0,0,0,0,0,0,0,0,0,0,0,0,0,0,0,0100,0000,0
501,3,0,0,0,0,0,0,0,0,0,0,0,0,0,0,0,0,1000,0000,1
